codigo,fecha,variable,valor
HIRIPRO-V6,2026-10-08 18:05:58,so2,0
HIRIPRO-V6,2026-10-08 18:05:58,cov,0
HIRIPRO-V6,2026-10-08 18:05:58,mp10,0
HIRIPRO-V6,2026-10-08 18:05:58,mp25,0
HIRIPRO-V6,2026-10-08 18:05:58,hum,81.936
HIRIPRO-V6,2026-10-08 18:05:58,temp,15.187
HIRIPRO-V10,2026-10-08 18:02:16,so2,0
HIRIPRO-V10,2026-10-08 18:02:16,cov,346
HIRIPRO-V10,2026-10-08 18:02:16,mp10,0
HIRIPRO-V10,2026-10-08 18:02:16,mp25,0
HIRIPRO-V10,2026-10-08 18:02:16,hum,63.245
HIRIPRO-V10,2026-10-08 18:02:16,temp,19.75
HIRIPRO-V12,2026-10-08 12:14:01,mp10,44
HIRIPRO-V12,2026-10-08 12:14:01,mp25,36
HIRIPRO-V12,2026-10-08 12:14:01,hum,76.565
HIRIPRO-V12,2026-10-08 12:14:01,temp,13.502
HIRIPRO-V4,2026-10-08 18:06:39,so2,0
HIRIPRO-V4,2026-10-08 18:06:39,cov,0
HIRIPRO-V4,2026-10-08 18:06:39,mp10,0
HIRIPRO-V4,2026-10-08 18:06:39,mp25,0
HIRIPRO-V4,2026-10-08 18:06:39,hum,78.438
HIRIPRO-V4,2026-10-08 18:06:39,temp,13.352
HIRIPRO-V2,2026-10-08 18:06:32,so2,0
HIRIPRO-V2,2026-10-08 18:06:32,cov,0
HIRIPRO-V2,2026-10-08 18:06:32,mp10,20
HIRIPRO-V2,2026-10-08 18:06:32,mp25,19
HIRIPRO-V2,2026-10-08 18:06:32,hum,71.184
HIRIPRO-V2,2026-10-08 18:06:32,temp,16.73
HIRIPRO-V1,2026-10-08 18:06:36,so2,0
HIRIPRO-V1,2026-10-08 18:06:36,cov,0
HIRIPRO-V1,2026-10-08 18:06:36,mp10,0
HIRIPRO-V1,2026-10-08 18:06:36,mp25,0
HIRIPRO-V1,2026-10-08 18:06:36,hum,83.321
HIRIPRO-V1,2026-10-08 18:06:36,temp,13.886
HIRIPRO-V9,2026-09-29 00:44:50,so2,0
HIRIPRO-V9,2026-09-29 00:44:50,cov,120
HIRIPRO-V9,2026-09-29 00:44:50,mp10,3
HIRIPRO-V9,2026-09-29 00:44:50,mp25,3
HIRIPRO-V9,2026-09-29 00:44:50,hum,83.328
HIRIPRO-V9,2026-09-29 00:44:50,temp,13.349
HIRIPRO-V3,2026-08-21 19:04:38,so2,0
HIRIPRO-V3,2026-08-21 19:04:38,cov,0
HIRIPRO-V3,2026-08-21 19:04:38,mp10,6
HIRIPRO-V3,2026-08-21 19:04:38,mp25,5
HIRIPRO-V3,2026-08-21 19:04:38,hum,26.826
HIRIPRO-V3,2026-08-21 19:04:38,temp,24.765
HIRIPRO-V11,2026-08-27 23:41:04,mp10,0
HIRIPRO-V11,2026-08-27 23:41:04,mp25,0
HIRIPRO-V11,2026-08-27 23:41:04,hum,64.487
HIRIPRO-V11,2026-08-27 23:41:04,temp,13.149
HIRIPRO-V8,2026-10-08 18:04:56,so2,0
HIRIPRO-V8,2026-10-08 18:04:56,cov,0
HIRIPRO-V8,2026-10-08 18:04:56,mp10,0
HIRIPRO-V8,2026-10-08 18:04:56,mp25,0
HIRIPRO-V8,2026-10-08 18:04:56,hum,90.906
HIRIPRO-V8,2026-10-08 18:04:56,temp,12.778
