fecha,mp25_ugm3,mp10_ugm3,so2_ppb,cov_ppb,temperatura_c,humedad_pct
2026-04-22 12:18:55,,,0,0,,
2026-04-22 12:28:54,39,49,0,0,22.671,46.697
2026-04-22 12:33:54,40,48,0,0,22.698,46.838
2026-04-22 12:38:54,39,47,0,0,22.586,47.12
2026-04-22 12:43:54,38,46,0,0,22.485,47.195
2026-04-22 12:48:54,39,47,0,0,22.372,47.361
2026-04-22 12:53:54,35,44,0,0,22.308,47.351
2026-04-22 12:58:54,36,42,0,0,22.311,47.677
2026-04-22 13:03:54,36,45,0,0,22.26,47.758
2026-04-22 13:08:54,37,46,0,0,22.255,47.927
2026-04-22 13:13:55,39,47,0,0,22.292,47.962
2026-04-22 13:18:54,38,46,0,0,22.266,47.864
2026-04-22 13:23:55,36,44,0,0,22.255,47.738
2026-04-22 13:28:55,37,44,0,0,22.239,47.635
2026-04-22 13:33:55,38,46,0,0,22.226,47.571
2026-04-22 13:38:55,39,49,0,0,22.169,47.502
2026-04-22 13:43:55,37,45,0,0,22.156,47.637
2026-04-22 13:48:54,38,46,0,0,22.105,47.656
2026-04-22 13:53:55,40,49,0,0,22.089,47.851
2026-04-22 13:58:55,39,47,0,0,22.065,47.891
2026-04-22 14:03:55,39,45,0,0,22.031,47.767
2026-04-22 14:08:55,36,42,0,0,21.953,47.41
2026-04-22 14:13:55,35,42,0,0,21.94,47.637
2026-04-22 14:18:55,38,45,0,0,21.908,48.112
2026-04-22 14:23:55,39,49,0,0,21.857,48.446
2026-04-22 14:28:55,39,49,0,0,21.857,48.625
2026-04-22 14:35:29,40,49,0,0,21.82,48.864
2026-04-22 15:55:14,0,0,0,0,0,0
2026-04-22 15:58:14,20,22,0,0,0,0
2026-04-22 16:00:05,44,55,0,0,0,0
2026-04-22 16:00:30,43,53,0,0,0,0
2026-04-22 16:05:12,45,56,0,0,0,0
2026-04-22 16:05:51,44,55,0,0,0,0
2026-04-22 16:06:40,45,56,0,0,0,0
2026-04-22 16:08:39,45,54,0,0,0,0
2026-04-22 16:10:42,42,54,0,0,0,0
2026-04-22 17:02:24,23,25,0,0,21.892,43.208
2026-04-22 17:07:24,25,25,0,0,21.953,42.564
2026-04-22 17:12:24,26,28,0,0,22.012,41.868
2026-04-22 17:17:24,24,25,0,0,22.084,41.353
2026-04-22 17:22:24,37,46,0,0,22.161,41.147
2026-04-22 17:27:24,24,26,0,0,22.218,40.952
2026-04-22 17:32:24,27,28,0,0,22.26,40.859
2026-04-22 17:37:24,27,27,0,0,22.282,40.824
2026-04-22 17:42:24,24,26,0,0,22.324,40.963
2026-04-22 17:47:24,26,29,0,0,22.311,41.072
2026-04-22 17:52:23,25,27,0,0,22.292,40.937
2026-04-22 17:57:24,24,24,0,0,22.306,40.946
2026-04-22 18:02:24,24,25,0,0,22.223,41.068
2026-04-22 18:07:24,23,25,0,0,22.18,41.213
2026-04-22 18:12:24,30,34,0,0,22.151,41.37
2026-04-22 18:17:25,24,24,0,0,22.073,41.387
2026-04-22 18:22:24,22,24,0,0,21.985,41.372
2026-04-22 18:27:24,25,26,0,0,21.87,41.559
2026-04-22 18:32:24,23,25,0,0,21.758,41.581
2026-04-22 18:37:24,19,23,0,0,21.654,41.826
2026-04-22 18:42:24,30,30,0,0,21.539,41.831
2026-04-22 18:47:24,22,23,0,0,21.435,41.831
2026-04-22 18:52:24,18,19,0,0,21.31,41.799
2026-04-22 18:57:24,17,18,0,0,21.181,41.862
2026-04-22 19:02:24,17,19,0,0,21.021,41.902
2026-04-22 19:07:24,15,16,0,0,20.936,42.363
2026-04-22 19:12:24,18,18,0,0,20.832,43.023
2026-04-22 19:17:24,18,18,0,0,20.792,43.081
2026-04-22 19:22:24,17,21,0,0,20.669,43.315
2026-04-22 19:27:24,18,22,0,0,20.559,43.393
2026-04-22 19:32:24,17,19,0,0,20.444,43.535
2026-04-22 19:37:24,17,19,0,0,20.292,43.527
2026-04-22 19:42:24,16,19,0,0,20.209,43.407
2026-04-22 19:47:24,19,20,0,0,20.135,43.933
2026-04-22 19:52:24,17,18,0,0,20.036,43.798
2026-04-22 19:57:25,19,22,0,0,19.932,44.237
2026-04-22 20:02:24,18,18,0,0,19.833,43.918
2026-04-22 20:07:25,17,18,0,0,19.796,43.907
2026-04-22 20:12:24,18,19,0,0,19.71,43.931
2026-04-22 20:17:25,18,19,0,0,19.659,44.484
2026-04-22 20:22:25,18,21,0,0,19.585,44.502
2026-04-22 20:27:25,22,22,0,0,19.531,44.757
2026-04-22 20:32:24,19,21,0,0,19.462,44.906
2026-04-22 20:37:25,17,21,0,0,19.379,45.844
2026-04-22 20:42:25,18,19,0,0,19.261,46.447
2026-04-22 20:47:25,21,23,0,0,19.203,46.457
2026-04-22 20:52:24,22,24,0,0,19.099,46.714
2026-04-22 20:57:24,21,23,0,0,19.021,46.873
2026-04-22 21:02:24,23,25,0,0,18.928,47.031
2026-04-22 21:07:25,18,22,0,0,18.829,47.26
2026-04-22 21:12:24,22,26,0,0,18.754,47.607
2026-04-22 21:17:25,22,24,0,0,18.677,47.893
2026-04-22 21:22:25,23,26,0,0,18.589,47.777
2026-04-22 21:27:24,21,23,0,0,18.522,47.529
2026-04-22 21:32:25,22,23,0,0,18.444,47.758
2026-04-22 21:37:25,23,27,0,0,18.367,48
2026-04-22 21:42:24,24,26,0,0,18.324,47.904
2026-04-22 21:47:25,23,24,0,0,18.311,47.994
2026-04-22 21:52:25,26,27,0,0,18.276,47.805
2026-04-22 21:57:24,24,25,0,0,18.263,48.074
2026-04-22 22:02:24,24,25,0,0,18.201,48.463
2026-04-22 22:07:24,26,28,0,0,18.169,48.856
2026-04-22 22:12:25,25,26,0,0,18.087,49.119
2026-04-22 22:17:24,26,28,0,0,17.998,49.64
2026-04-22 22:22:25,26,27,0,0,17.98,49.316
2026-04-22 22:27:25,27,29,0,0,17.918,49.804
2026-04-22 22:32:25,26,28,0,0,17.897,49.814
2026-04-22 22:37:25,25,28,0,0,17.846,50.214
2026-04-22 22:42:25,29,29,0,0,17.811,49.97
2026-04-22 22:47:25,30,33,0,0,17.803,50.125
2026-04-22 22:52:25,28,31,0,0,17.769,50.298
2026-04-22 22:57:25,28,31,0,0,17.678,49.873
2026-04-22 23:02:25,30,33,0,0,17.665,49.966
2026-04-22 23:07:25,28,30,0,0,17.593,50.329
2026-04-22 23:12:24,29,36,0,0,17.571,50.167
2026-04-22 23:17:25,25,28,0,0,17.51,50.361
2026-04-22 23:22:25,29,31,0,0,17.459,50.268
2026-04-22 23:27:25,32,33,0,0,17.387,50.291
2026-04-22 23:32:25,27,29,0,0,17.384,49.665
2026-04-22 23:37:25,29,33,0,0,17.352,49.688
2026-04-22 23:42:25,32,33,0,0,17.35,49.678
2026-04-22 23:47:25,27,30,0,0,17.379,49.232
2026-04-22 23:52:25,31,35,0,0,17.328,49.55
2026-04-22 23:57:25,32,36,0,0,17.336,49.762
2026-04-23 00:02:25,29,34,0,0,17.309,50.104
2026-04-23 00:07:25,29,30,0,0,17.312,49.995
2026-04-23 00:12:25,30,35,0,0,17.277,50.239
2026-04-23 00:17:25,30,34,0,0,17.221,50.817
2026-04-23 00:22:25,31,37,0,0,17.165,50.788
2026-04-23 00:27:25,30,35,0,0,17.128,50.044
2026-04-23 00:32:25,29,31,0,0,17.109,50.029
2026-04-23 00:37:25,32,38,0,0,17.09,50.216
2026-04-23 00:42:25,32,36,0,0,17.077,50.516
2026-04-23 00:47:25,32,36,0,0,17.074,50.849
2026-04-23 00:52:25,28,33,0,0,17.032,50.985
2026-04-23 00:57:25,29,35,0,0,16.992,50.926
2026-04-23 01:02:25,31,35,0,0,16.904,50.668
2026-04-23 01:07:25,30,33,0,0,16.842,50.704
2026-04-23 01:12:25,29,33,0,0,16.813,50.933
2026-04-23 01:17:25,30,38,0,0,16.754,51.273
2026-04-23 01:22:25,29,33,0,0,16.746,51.351
2026-04-23 01:27:25,31,36,0,0,16.679,51.521
2026-04-23 01:32:25,30,39,0,0,16.618,51.273
2026-04-23 01:37:26,31,35,0,0,16.567,51.198
2026-04-23 01:42:25,32,35,0,0,16.503,51.79
2026-04-23 01:47:25,32,34,0,0,16.404,51.799
2026-04-23 01:52:26,29,34,0,0,16.353,51.164
2026-04-23 01:57:26,29,31,0,0,16.3,50.966
2026-04-23 02:02:25,28,30,0,0,16.263,51.139
2026-04-23 02:07:26,26,30,0,0,16.209,51.855
2026-04-23 02:12:25,29,30,0,0,16.18,51.233
2026-04-23 02:17:25,26,30,0,0,16.113,50.754
2026-04-23 02:22:25,27,29,0,0,16.1,50.819
2026-04-23 02:27:25,25,29,0,0,16.078,49.9
2026-04-23 02:32:26,27,29,0,0,16.065,50.214
2026-04-23 02:37:25,28,30,0,0,16.057,50.245
2026-04-23 02:42:25,24,29,0,0,16.076,49.573
2026-04-23 02:47:25,30,35,0,0,16.068,49.823
2026-04-23 02:52:25,25,29,0,0,16.084,49.953
2026-04-23 02:57:26,24,26,0,0,16.097,50.155
2026-04-23 03:02:26,25,28,0,0,16.068,50.865
2026-04-23 03:07:26,27,28,0,0,16.038,51.21
2026-04-23 03:12:25,26,29,0,0,16.014,50.928
2026-04-23 03:17:26,26,30,0,0,15.945,50.847
2026-04-23 03:22:26,27,28,0,0,15.921,50.748
2026-04-23 03:27:25,25,28,0,0,15.929,51.004
2026-04-23 03:32:26,28,28,0,0,15.878,51.145
2026-04-23 03:37:26,26,30,0,0,15.827,50.886
2026-04-23 03:42:26,25,28,0,0,15.769,51.267
2026-04-23 03:47:26,28,29,0,0,15.755,51.279
2026-04-23 03:52:26,27,30,0,0,15.742,51.645
2026-04-23 03:57:26,28,34,0,0,15.702,51.309
2026-04-23 04:02:26,27,31,0,0,15.683,51.16
2026-04-23 04:07:26,27,29,0,0,15.662,51.687
2026-04-23 04:12:26,26,28,0,0,15.638,51.364
2026-04-23 04:17:26,28,31,0,0,15.614,51.233
2026-04-23 04:22:26,27,28,0,0,15.584,51.313
2026-04-23 04:27:26,27,28,0,0,15.539,51.404
2026-04-23 04:32:26,26,33,0,0,15.539,51.332
2026-04-23 04:37:26,28,30,0,0,15.515,51.454
2026-04-23 04:42:26,27,29,0,0,15.486,51.465
2026-04-23 04:47:26,27,30,0,0,15.456,51.429
2026-04-23 04:52:26,26,29,0,0,15.4,51.187
2026-04-23 04:57:26,26,30,0,0,15.4,51.446
2026-04-23 05:02:26,28,33,0,0,15.446,50.853
2026-04-23 05:07:26,25,27,0,0,15.443,50.773
2026-04-23 05:12:26,24,29,0,0,15.43,50.657
2026-04-23 05:17:26,26,30,0,0,15.443,51.122
2026-04-23 05:22:25,26,28,0,0,15.422,50.962
2026-04-23 05:27:26,24,24,0,0,15.392,51.084
2026-04-23 05:32:26,25,29,0,0,15.331,50.979
2026-04-23 05:37:25,23,27,0,0,15.269,50.796
2026-04-23 05:42:26,26,30,0,0,15.277,51.116
2026-04-23 05:47:25,22,24,0,0,15.251,51.141
2026-04-23 05:52:26,22,26,0,0,15.205,51.546
2026-04-23 05:57:26,22,24,0,0,15.117,50.659
2026-04-23 06:02:26,22,25,0,0,15.077,50.014
2026-04-23 06:07:26,24,26,0,0,15.037,50.205
2026-04-23 06:12:26,22,24,0,0,14.992,49.716
2026-04-23 06:17:26,20,23,0,0,14.928,48.742
2026-04-23 06:22:26,17,22,0,0,14.925,48.423
2026-04-23 06:27:26,19,24,0,0,14.917,48.646
2026-04-23 06:32:26,20,23,0,0,14.917,48.549
2026-04-23 06:37:26,22,23,0,0,14.901,49.766
2026-04-23 06:42:26,16,18,0,0,14.858,47.662
2026-04-23 06:47:26,19,23,0,0,14.829,48.513
2026-04-23 06:52:26,22,23,0,0,14.783,48.78
2026-04-23 06:57:26,17,18,0,0,14.741,48.667
2026-04-23 07:02:26,20,22,0,0,14.727,47.641
2026-04-23 07:07:26,23,24,0,0,14.741,47.988
2026-04-23 07:12:26,22,23,0,0,14.735,48.631
2026-04-23 07:17:26,19,23,0,0,14.725,48.73
2026-04-23 07:22:26,20,20,0,0,14.727,49.058
2026-04-23 07:27:26,18,22,0,0,14.746,47.941
2026-04-23 07:32:26,17,19,0,0,14.751,47.944
2026-04-23 07:37:26,19,19,0,0,14.783,48.252
2026-04-23 07:42:26,19,24,0,0,14.813,48.847
2026-04-23 07:47:26,18,20,0,0,14.773,48.427
2026-04-23 07:52:26,20,22,0,0,14.791,48.913
2026-04-23 07:57:26,22,24,0,0,14.775,48.885
2026-04-23 08:02:26,22,23,0,0,14.775,49.756
2026-04-23 08:07:26,24,25,0,0,14.799,49.613
2026-04-23 08:12:27,23,25,0,0,14.791,49.896
2026-04-23 08:17:26,24,28,0,0,14.829,50.064
2026-04-23 08:22:26,19,22,0,0,14.837,49.02
2026-04-23 08:27:26,19,20,0,0,14.952,49.077
2026-04-23 08:32:26,16,18,0,0,15.04,49.175
2026-04-23 08:37:26,17,19,0,0,15.187,49.211
2026-04-23 08:42:26,17,19,0,0,15.296,49.253
2026-04-23 08:47:26,22,23,0,0,15.435,49.556
2026-04-23 08:52:26,26,29,0,0,15.598,48.749
2026-04-23 08:57:26,24,26,0,0,15.75,49.182
2026-04-23 09:02:26,23,26,0,0,15.902,49.064
2026-04-23 09:07:26,32,38,0,0,16.086,48.194
2026-04-23 09:12:26,26,29,0,0,16.321,47.967
2026-04-23 09:17:26,28,32,0,0,16.623,47.58
2026-04-23 09:22:26,26,29,0,0,16.962,46.777
2026-04-23 09:27:26,23,27,0,0,17.323,45.719
2026-04-23 09:32:26,24,27,0,0,17.726,44.948
2026-04-23 09:37:26,21,23,0,0,18.095,43.239
2026-04-23 09:42:26,22,24,0,0,18.474,43.601
2026-04-23 09:47:27,23,26,0,0,18.832,42.936
2026-04-23 09:52:27,18,25,0,0,19.216,41.721
2026-04-23 09:57:26,19,22,0,0,19.601,41.175
2026-04-23 10:02:26,19,22,0,0,19.956,40.099
2026-04-23 10:07:26,21,24,0,0,20.3,39.636
2026-04-23 10:12:26,24,27,0,0,20.653,39.958
2026-04-23 10:17:27,25,27,0,0,21.005,39.562
2026-04-23 10:22:27,22,25,0,0,21.355,38.408
2026-04-23 10:27:27,24,26,0,0,21.681,38.469
2026-04-23 10:32:26,23,28,0,0,22.02,37.708
2026-04-23 10:37:27,19,24,0,0,22.33,37.784
2026-04-23 10:42:26,24,28,0,0,22.639,37.37
2026-04-23 10:47:27,23,26,0,0,22.947,36.739
2026-04-23 10:52:27,23,24,0,0,23.243,35.976
2026-04-23 10:57:26,26,30,0,0,23.489,35.8
2026-04-23 11:02:27,25,31,0,0,23.777,35.642
2026-04-23 11:07:27,22,24,0,0,24.036,35.857
2026-04-23 11:12:27,24,26,0,0,24.308,35.232
2026-04-23 11:17:26,24,29,0,0,24.583,34.579
2026-04-23 11:22:26,23,27,0,0,24.853,34.238
2026-04-23 17:08:35,23,25,0,0,23.657,32.76
2026-04-23 17:13:35,25,26,0,0,23.547,32.846
2026-04-23 17:18:35,27,28,0,0,23.465,33.014
2026-04-23 17:23:35,30,34,0,0,23.398,33.26
2026-04-23 17:28:35,27,29,0,0,23.355,33.397
2026-04-23 17:31:49,27,28,0,0,23.336,33.557
2026-04-23 17:33:35,26,30,0,0,23.35,33.794
2026-04-23 17:38:35,27,29,0,0,23.336,33.591
2026-04-23 17:43:35,26,31,0,0,23.326,33.639
2026-04-23 17:48:35,27,27,0,0,23.344,34.049
2026-04-23 17:53:35,27,32,0,0,23.318,33.986
2026-04-23 17:58:35,29,30,0,0,23.323,34.202
2026-04-23 18:03:35,30,34,0,0,23.286,34.322
2026-04-23 18:08:35,28,29,0,0,23.248,34.673
2026-04-23 18:13:35,30,33,0,0,23.203,34.73
2026-04-23 18:18:35,28,35,0,0,23.144,34.879
2026-04-23 18:23:35,29,33,0,0,23.04,35.108
2026-04-23 18:28:35,29,33,0,0,22.968,35.4
2026-04-23 18:33:35,29,32,0,0,22.877,35.644
2026-04-23 18:38:35,29,33,0,0,22.789,35.922
2026-04-23 18:43:35,32,34,0,0,22.685,35.945
2026-04-23 18:48:35,35,40,0,0,22.602,36.266
2026-04-23 18:53:35,32,34,0,0,22.493,36.556
2026-04-23 18:58:35,31,32,0,0,22.386,36.758
2026-04-23 19:03:35,30,35,0,0,22.282,36.868
2026-04-23 19:08:36,29,36,0,0,22.167,37.156
2026-04-23 19:13:35,29,30,0,0,22.063,37.244
2026-04-23 19:18:35,34,40,0,0,21.942,37.164
2026-04-23 19:23:36,33,38,0,0,21.82,37.441
2026-04-23 19:28:35,29,34,0,0,21.694,37.359
2026-04-23 19:33:35,32,36,0,0,21.601,37.757
2026-04-23 19:38:35,32,35,0,0,21.491,37.994
2026-04-23 19:43:35,30,35,0,0,21.382,38.27
2026-04-23 19:48:36,30,36,0,0,21.288,38.617
2026-04-23 19:53:36,30,34,0,0,21.197,38.457
2026-04-23 19:58:35,27,30,0,0,21.101,38.659
2026-04-23 20:03:36,26,34,0,0,20.997,38.657
2026-04-23 20:08:35,29,33,0,0,20.888,39.016
2026-04-23 20:13:35,27,29,0,0,20.813,39.516
2026-04-23 20:18:35,30,33,0,0,20.69,39.327
2026-04-23 20:23:36,29,34,0,0,20.605,39.581
2026-04-23 20:28:35,28,32,0,0,20.533,39.97
2026-04-23 20:33:35,30,31,0,0,20.439,40.176
2026-04-23 20:38:36,28,29,0,0,20.348,40.412
2026-04-23 20:43:36,26,27,0,0,20.215,40.878
2026-04-23 20:48:36,27,29,0,0,20.135,40.914
2026-04-23 20:53:35,27,30,0,0,19.998,41.084
2026-04-23 20:58:35,26,29,0,0,19.905,41.105
2026-04-23 21:03:36,26,30,0,0,19.836,40.912
2026-04-23 21:08:35,27,32,0,0,19.718,40.571
2026-04-23 21:13:36,27,30,0,0,19.627,41.164
2026-04-23 21:18:36,28,30,0,0,19.539,41.097
2026-04-23 21:23:35,29,32,0,0,19.462,41.444
2026-04-23 21:28:36,26,26,0,0,19.387,41.438
2026-04-23 21:33:35,27,32,0,0,19.328,41.232
2026-04-23 21:38:35,26,28,0,0,19.248,41.307
2026-04-23 21:43:35,25,26,0,0,19.171,40.351
2026-04-23 21:48:35,23,26,0,0,19.093,40.162
2026-04-23 21:53:35,24,24,0,0,19.034,40.248
2026-04-23 21:58:35,22,23,0,0,18.949,40.46
2026-04-23 22:03:36,22,22,0,0,18.922,40.374
2026-04-23 22:08:36,21,21,0,0,18.872,40.576
2026-04-23 22:13:36,24,26,0,0,18.842,40.58
2026-04-23 22:18:35,23,25,0,0,18.773,40.864
2026-04-23 22:23:36,25,25,0,0,18.719,40.637
2026-04-23 22:28:36,23,25,0,0,18.666,40.551
2026-04-23 22:33:36,26,28,0,0,18.631,40.933
2026-04-23 22:38:36,22,24,0,0,18.602,41.095
2026-04-23 22:43:36,28,30,0,0,18.575,41.517
2026-04-23 22:48:36,25,25,0,0,18.543,41.932
2026-04-23 22:53:36,23,24,0,0,18.49,41.984
2026-04-23 22:58:36,23,24,0,0,18.412,40.962
2026-04-23 23:03:36,26,28,0,0,18.362,41.084
2026-04-23 23:08:36,24,25,0,0,18.281,40.733
2026-04-23 23:13:36,28,30,0,0,18.223,41.549
2026-04-23 23:18:36,30,35,0,0,18.143,41.793
2026-04-23 23:23:36,26,28,0,0,18.081,42.304
2026-04-23 23:28:36,24,26,0,0,18.014,42.222
2026-04-23 23:33:36,26,27,0,0,17.929,42.15
2026-04-23 23:38:36,25,30,0,0,17.908,41.625
2026-04-23 23:43:36,26,30,0,0,17.844,41.81
2026-04-23 23:48:36,26,28,0,0,17.852,41.951
2026-04-23 23:53:36,25,25,0,0,17.854,42.1
2026-04-23 23:58:36,26,31,0,0,17.844,42.121
2026-04-24 00:03:36,24,26,0,0,17.854,42.209
2026-04-24 00:08:36,26,26,0,0,17.827,42.653
2026-04-24 00:13:36,26,28,0,0,17.809,42.728
2026-04-24 00:18:36,25,27,0,0,17.779,43.119
2026-04-24 00:23:36,26,28,0,0,17.721,42.869
2026-04-24 00:28:36,27,29,0,0,17.667,43.346
2026-04-24 00:33:36,24,27,0,0,17.641,43.443
2026-04-24 00:38:36,27,27,0,0,17.606,43.973
2026-04-24 00:43:36,26,27,0,0,17.544,43.262
2026-04-24 00:48:36,23,24,0,0,17.502,42.659
2026-04-24 00:53:36,24,25,0,0,17.486,42.371
2026-04-24 00:58:36,26,29,0,0,17.475,42.333
2026-04-24 01:03:36,24,25,0,0,17.451,42.442
2026-04-24 01:08:36,24,25,0,0,17.432,43.39
2026-04-24 01:13:36,24,27,0,0,17.379,44.309
2026-04-24 01:18:36,25,27,0,0,17.331,44.805
2026-04-24 01:23:36,23,25,0,0,17.224,44.162
2026-04-24 01:28:37,25,25,0,0,17.189,44.156
2026-04-24 01:33:36,26,29,0,0,17.144,44.36
2026-04-24 01:38:36,28,33,0,0,17.09,44.473
2026-04-24 01:43:36,27,32,0,0,17.042,43.996
2026-04-24 01:48:36,25,29,0,0,17.005,43.916
2026-04-24 01:53:36,27,29,0,0,16.965,44.315
2026-04-24 01:58:36,24,26,0,0,16.93,44.41
2026-04-24 02:03:36,26,28,0,0,16.872,44.463
2026-04-24 02:08:36,25,27,0,0,16.797,44.357
2026-04-24 02:13:37,26,30,0,0,16.754,44.446
2026-04-24 02:18:36,28,28,0,0,16.703,44.378
2026-04-24 02:23:36,25,25,0,0,16.637,44.612
2026-04-24 02:28:36,29,30,0,0,16.61,44.807
2026-04-24 02:33:36,27,31,0,0,16.562,44.811
2026-04-24 02:38:36,26,29,0,0,16.556,44.542
2026-04-24 02:43:36,27,33,0,0,16.527,44.484
2026-04-24 02:48:36,28,35,0,0,16.498,44.286
2026-04-24 02:53:36,30,33,0,0,16.487,44.378
2026-04-24 02:58:36,28,30,0,0,16.471,44.048
2026-04-24 03:03:36,30,34,0,0,16.407,43.865
2026-04-24 03:08:37,30,35,0,0,16.372,43.481
2026-04-24 03:13:37,28,31,0,0,16.321,43.519
2026-04-24 03:18:36,29,30,0,0,16.273,43.994
2026-04-24 03:23:36,29,31,0,0,16.199,43.75
2026-04-24 03:28:37,27,33,0,0,16.167,43.578
2026-04-24 03:33:37,28,34,0,0,16.092,43.865
2026-04-24 03:38:36,28,32,0,0,16.046,44.231
2026-04-24 03:43:36,29,34,0,0,16.012,44.023
2026-04-24 03:48:36,26,33,0,0,15.969,43.331
2026-04-24 03:53:37,28,30,0,0,15.961,43.046
2026-04-24 03:58:36,26,32,0,0,15.926,42.734
2026-04-24 04:03:37,29,32,0,0,15.908,42.518
2026-04-24 04:08:37,27,28,0,0,15.9,43.075
2026-04-24 04:13:36,27,31,0,0,15.924,43.554
2026-04-24 04:18:36,28,34,0,0,15.9,43.882
2026-04-24 04:23:37,27,30,0,0,15.894,43.977
2026-04-24 04:28:36,28,29,0,0,15.881,44.084
2026-04-24 04:33:36,28,29,0,0,15.873,43.887
2026-04-24 04:38:36,25,26,0,0,15.843,43.54
2026-04-24 04:43:37,26,29,0,0,15.803,43.973
2026-04-24 04:48:36,27,29,0,0,15.761,44.477
2026-04-24 04:53:36,29,30,0,0,15.747,43.735
2026-04-24 04:58:37,28,30,0,0,15.723,44.027
2026-04-24 05:03:37,27,29,0,0,15.678,44.505
2026-04-24 05:08:36,28,29,0,0,15.662,44.33
2026-04-24 05:13:37,30,31,0,0,15.6,44.343
2026-04-24 05:18:37,28,31,0,0,15.598,44.238
2026-04-24 05:23:37,26,28,0,0,15.563,44.38
2026-04-24 05:28:37,25,29,0,0,15.571,44.435
2026-04-24 05:33:37,30,34,0,0,15.523,44.965
2026-04-24 05:38:39,26,29,0,0,15.52,45.461
2026-04-24 05:43:37,26,33,0,0,15.528,45.427
2026-04-24 05:48:37,28,33,0,0,15.504,45.444
2026-04-24 05:53:37,25,28,0,0,15.523,45.131
2026-04-24 05:58:37,21,25,0,0,15.483,44.124
2026-04-24 06:03:37,24,25,0,0,15.488,43.67
2026-04-24 06:08:37,25,27,0,0,15.438,44.13
2026-04-24 06:13:37,24,28,0,0,15.397,43.132
2026-04-24 06:18:37,22,25,0,0,15.363,42.337
2026-04-24 06:23:37,24,24,0,0,15.336,42.098
2026-04-24 06:28:37,22,23,0,0,15.307,42.65
2026-04-24 06:33:37,24,24,0,0,15.288,43.548
2026-04-24 06:38:37,26,30,0,0,15.28,44.628
2026-04-24 06:43:37,24,27,0,0,15.283,44.847
2026-04-24 06:48:37,25,26,0,0,15.216,45.123
2026-04-24 06:53:37,25,25,0,0,15.229,45.291
2026-04-24 06:58:37,27,29,0,0,15.176,45.802
2026-04-24 07:03:37,25,28,0,0,15.163,44.929
2026-04-24 07:08:37,24,24,0,0,15.122,44.788
2026-04-24 07:13:37,25,27,0,0,15.061,45.123
2026-04-24 07:18:37,24,25,0,0,15.072,45.503
2026-04-24 07:23:37,25,26,0,0,15.082,44.534
2026-04-24 07:28:37,25,27,0,0,15.074,44.9
2026-04-24 07:33:37,25,28,0,0,15.053,45.53
2026-04-24 07:38:37,23,26,0,0,15.045,45.452
2026-04-24 07:43:37,22,23,0,0,15.04,45.577
2026-04-24 07:48:37,19,24,0,0,15.029,44.721
2026-04-24 07:53:37,25,25,0,0,15.024,44.027
2026-04-24 07:58:37,23,25,0,0,15.05,44.223
2026-04-24 08:03:37,19,22,0,0,15.08,43.239
2026-04-24 08:08:37,18,20,0,0,15.104,42.379
2026-04-24 08:13:38,19,22,0,0,15.133,42.489
2026-04-24 08:18:37,8,16,0,0,15.152,40.548
2026-04-24 08:23:37,15,21,0,0,15.205,40.452
2026-04-24 08:28:37,17,18,0,0,15.264,40.992
2026-04-24 08:33:37,17,18,0,0,15.317,41.429
2026-04-24 08:38:37,20,23,0,0,15.4,41.795
2026-04-24 08:43:37,17,20,0,0,15.462,41.711
2026-04-24 08:48:37,17,19,0,0,15.539,42.737
2026-04-24 08:53:37,20,26,0,0,15.632,43.254
2026-04-24 08:58:37,22,23,0,0,15.777,42.972
2026-04-24 09:03:37,24,25,0,0,15.892,42.318
2026-04-24 09:08:37,21,23,0,0,16.014,41.873
2026-04-24 09:13:37,18,22,0,0,16.156,41.562
2026-04-24 09:18:37,19,23,0,0,16.289,41.198
2026-04-24 09:23:38,20,23,0,0,16.434,41.372
2026-04-24 10:45:09,25,26,0,0,20.375,36.893
2026-04-24 10:50:09,24,29,0,0,21.724,34.089
2026-04-24 10:55:09,25,27,0,0,23.173,31.478
2026-04-24 11:00:09,26,29,0,0,24.591,30.276
2026-04-24 11:05:09,29,30,0,0,25.956,28.552
2026-04-24 11:10:09,28,35,0,0,27.171,27.61
2026-04-24 11:15:09,29,31,0,0,28.252,26.769
2026-04-24 11:20:09,26,30,0,0,29.222,25.489
2026-04-24 11:25:09,29,33,0,0,30.122,24.081
2026-04-24 11:30:10,29,35,0,0,30.883,22.586
2026-04-24 11:35:09,29,30,0,0,31.526,22.05
2026-04-24 11:40:10,29,32,0,0,31.972,21.88
2026-04-24 11:45:10,28,33,0,0,32.322,21.491
2026-04-24 11:50:10,31,33,0,0,32.707,21.693
2026-04-24 11:55:10,32,37,0,0,33,21.642
2026-04-24 12:00:09,35,40,0,0,33.233,24.964
2026-04-24 12:05:10,35,44,0,0,33.342,21.571
2026-04-24 12:10:10,37,45,0,0,33.438,21.552
2026-04-24 12:15:10,43,51,0,0,33.518,21.815
2026-04-24 12:20:10,42,52,0,0,33.542,21.878
2026-04-24 12:25:10,44,53,0,0,33.558,21.48
2026-04-24 12:30:10,42,51,0,0,33.388,21.882
2026-04-24 12:35:10,43,54,0,0,33.161,21.789
2026-04-24 12:40:10,45,55,0,0,32.749,22.016
2026-04-24 12:45:10,44,53,0,0,32.135,23.015
2026-04-24 12:50:10,48,60,0,0,31.481,23.324
2026-04-24 12:55:10,45,57,0,0,30.736,24.407
2026-04-24 13:00:10,47,58,0,0,30.015,24.987
2026-04-24 13:05:12,46,56,0,0,29.299,26.116
2026-04-24 13:10:10,47,56,0,0,28.632,26.639
2026-04-24 13:15:10,46,57,0,0,27.964,27.68
2026-04-24 13:20:10,47,58,0,0,27.403,27.982
2026-04-24 13:25:10,45,55,0,0,26.824,29.149
2026-04-24 13:30:10,45,56,0,0,26.383,29.935
2026-04-24 13:35:10,45,57,0,0,25.996,30.173
2026-04-24 13:40:10,47,59,0,0,25.678,30.912
2026-04-24 13:45:10,50,63,0,0,25.379,31.413
2026-04-24 13:50:10,46,58,0,0,25.107,32.186
2026-04-24 13:55:10,50,63,0,0,24.877,32.313
2026-04-24 14:00:10,51,66,0,0,24.704,32.409
2026-04-24 14:05:10,51,65,0,0,24.541,32.521
2026-04-24 14:10:10,50,65,0,0,24.388,33.038
2026-04-24 14:15:10,53,68,0,0,24.247,33.275
2026-04-24 14:20:10,54,69,0,0,24.145,33.178
2026-04-24 14:25:10,51,66,0,0,24.025,33.357
2026-04-24 14:30:10,49,62,0,0,23.916,33.57
2026-04-24 14:35:10,48,61,0,0,23.849,33.611
2026-04-24 14:40:10,46,57,0,0,23.777,33.3
2026-04-24 14:45:10,45,57,0,0,23.702,33.437
2026-04-24 14:50:10,45,57,0,0,23.593,33.389
2026-04-24 14:55:10,42,56,0,0,23.467,33.258
2026-04-24 15:00:11,44,54,0,0,23.352,33.544
2026-04-24 15:05:10,44,57,0,0,23.312,34.32
2026-04-24 15:10:10,43,54,0,0,23.291,34.137
2026-04-24 15:15:10,41,51,0,0,23.272,34.047
2026-04-24 15:20:10,42,54,0,0,23.259,33.96
2026-04-24 15:25:10,40,48,0,0,23.23,33.223
2026-04-24 15:30:10,40,50,0,0,23.179,33.822
2026-04-24 15:35:10,38,46,0,0,23.152,33.477
2026-04-24 15:40:10,38,47,0,0,23.117,33.038
2026-04-24 15:45:10,36,48,0,0,23.067,33.334
2026-04-24 15:50:10,40,49,0,0,23.043,32.655
2026-04-24 15:55:10,35,41,0,0,22.976,32.388
2026-04-24 16:00:10,34,38,0,0,22.968,31.32
2026-04-24 16:05:10,31,38,0,0,22.92,29.899
2026-04-24 16:10:10,28,32,0,0,22.866,28.957
2026-04-24 16:15:10,30,36,0,0,22.794,29.552
2026-04-24 16:20:10,28,30,0,0,22.738,29.87
2026-04-24 16:25:10,27,29,0,0,22.698,28.903
2026-04-24 16:30:10,30,34,0,0,22.613,29.431
2026-04-24 16:35:10,30,33,0,0,22.554,29.771
2026-04-24 16:40:10,28,32,0,0,22.469,29.742
2026-04-24 16:45:10,27,30,0,0,22.396,30.336
2026-04-24 16:50:10,26,30,0,0,22.33,29.746
2026-04-24 16:55:10,29,30,0,0,22.25,29.246
2026-04-24 17:00:11,26,30,0,0,22.137,29.863
2026-04-24 17:05:10,27,29,0,0,22.073,30.412
2026-04-24 17:10:10,29,31,0,0,21.999,30.73
2026-04-24 17:15:11,27,31,0,0,21.929,30.995
2026-04-24 17:20:10,28,30,0,0,21.873,31.203
2026-04-24 17:25:11,30,36,0,0,21.774,31.118
2026-04-24 17:30:10,28,31,0,0,21.718,31.303
2026-04-24 17:35:11,27,30,0,0,21.593,31.453
2026-04-24 17:40:10,25,29,0,0,21.486,32.34
2026-04-24 17:45:11,25,28,0,0,21.366,32.788
2026-04-24 17:50:10,28,34,0,0,21.272,34.551
2026-04-24 17:55:11,29,35,0,0,21.163,36.067
2026-04-24 18:00:11,83,90,0,0,21.043,37.423
2026-04-24 18:05:11,32,36,0,0,20.92,37.902
2026-04-24 18:10:11,33,41,0,0,20.786,38.501
2026-04-24 18:15:11,34,40,0,0,20.634,39.047
2026-04-24 18:20:11,33,38,0,0,20.492,39.529
2026-04-24 18:25:11,33,37,0,0,20.343,39.979
2026-04-24 18:30:11,33,41,0,0,20.199,40.256
2026-04-24 18:35:11,32,34,0,0,20.071,40.683
2026-04-24 18:40:11,36,43,0,0,19.924,40.925
2026-04-24 18:45:11,32,38,0,0,19.793,41.175
2026-04-24 18:50:11,33,39,0,0,19.654,41.606
2026-04-24 18:55:11,32,35,0,0,19.526,42.016
2026-04-24 19:00:11,32,35,0,0,19.355,42.344
2026-04-24 19:05:11,34,39,0,0,19.219,42.814
2026-04-24 19:10:11,33,39,0,0,19.088,43.012
2026-04-24 19:15:11,32,34,0,0,18.965,43.02
2026-04-24 19:20:11,32,36,0,0,18.853,43.456
2026-04-24 19:25:11,44,57,0,0,18.757,44.36
2026-04-24 19:30:11,39,49,0,0,18.626,44.591
2026-04-24 19:35:11,36,45,0,0,18.522,44.633
2026-04-24 19:40:11,38,47,0,0,18.431,44.576
2026-04-24 19:45:11,50,64,0,0,18.33,44.418
2026-04-24 19:50:11,33,39,0,0,18.233,44.242
2026-04-24 19:55:11,32,36,0,0,18.119,44.49
2026-04-24 20:00:11,32,39,0,0,17.988,44.088
2026-04-24 20:05:11,31,33,0,0,17.881,44.416
2026-04-24 20:10:11,32,36,0,0,17.758,44.927
2026-04-24 20:15:11,37,45,0,0,17.641,45.755
2026-04-24 20:20:11,34,40,0,0,17.526,45.743
2026-04-24 20:25:11,33,40,0,0,17.448,45.997
2026-04-24 20:30:11,31,35,0,0,17.347,46.111
2026-04-24 20:35:11,33,37,0,0,17.261,46.485
2026-04-24 20:40:11,31,36,0,0,17.155,46.319
2026-04-24 20:45:11,32,37,0,0,17.077,46.47
2026-04-24 20:50:11,31,34,0,0,16.989,46.44
2026-04-24 20:55:11,36,43,0,0,16.872,46.058
2026-04-24 21:00:11,37,44,0,0,16.759,46.1
2026-04-24 21:05:11,35,44,0,0,16.679,46.085
2026-04-24 21:10:11,35,44,0,0,16.596,46.18
2026-04-24 21:15:11,37,45,0,0,16.53,46.134
2026-04-24 21:20:11,35,42,0,0,16.471,46.342
2026-04-24 21:25:11,32,36,0,0,16.423,46.785
2026-04-24 21:30:11,34,39,0,0,16.343,47.178
2026-04-24 21:35:11,34,37,0,0,16.271,47.704
2026-04-24 21:40:11,34,40,0,0,16.199,47.88
2026-04-24 21:45:11,31,36,0,0,16.135,47.031
2026-04-24 21:50:11,34,38,0,0,16.054,47.304
2026-04-24 21:55:11,33,38,0,0,15.98,47.782
2026-04-24 22:00:11,32,36,0,0,15.918,48.227
2026-04-24 22:05:11,33,39,0,0,15.83,48.448
2026-04-24 22:10:11,33,38,0,0,15.787,48.646
2026-04-24 22:15:11,32,35,0,0,15.745,48.313
2026-04-24 22:20:11,32,39,0,0,15.723,47.674
2026-04-24 22:25:11,33,39,0,0,15.662,47.561
2026-04-24 22:30:11,33,38,0,0,15.659,47.714
2026-04-24 22:35:11,32,37,0,0,15.627,47.7
2026-04-24 22:40:11,31,35,0,0,15.584,48.025
2026-04-24 22:45:11,33,35,0,0,15.558,48.189
2026-04-24 22:50:11,32,36,0,0,15.55,48.089
2026-04-24 22:55:11,31,38,0,0,15.526,48.515
2026-04-24 23:00:11,33,36,0,0,15.499,49.077
2026-04-24 23:05:11,31,36,0,0,15.472,48.704
2026-04-24 23:10:11,32,37,0,0,15.43,49.476
2026-04-24 23:15:11,32,36,0,0,15.355,49.335
2026-04-24 23:20:11,35,41,0,0,15.315,50.256
2026-04-24 23:25:11,32,37,0,0,15.248,50.31
2026-04-24 23:30:11,32,38,0,0,15.208,50.571
2026-04-24 23:35:11,32,37,0,0,15.133,50.243
2026-04-24 23:40:11,32,36,0,0,15.077,49.989
2026-04-24 23:45:11,33,37,0,0,14.986,50.241
2026-04-24 23:50:11,32,40,0,0,14.968,49.694
2026-04-24 23:55:11,33,38,0,0,14.901,49.52
2026-04-25 00:00:11,32,38,0,0,14.874,48.656
2026-04-25 00:05:11,33,37,0,0,14.853,47.616
2026-04-25 00:10:11,32,38,0,0,14.821,48.414
2026-04-25 00:15:11,33,36,0,0,14.754,47.071
2026-04-25 00:20:11,32,37,0,0,14.746,46.535
2026-04-25 00:25:11,33,36,0,0,14.714,46.764
2026-04-25 00:30:11,32,37,0,0,14.725,46.298
2026-04-25 00:35:11,31,36,0,0,14.725,45.202
2026-04-25 00:40:11,33,37,0,0,14.749,45.753
2026-04-25 00:45:12,31,35,0,0,14.714,45.751
2026-04-25 00:50:11,32,38,0,0,14.698,46.15
2026-04-25 00:55:11,33,43,0,0,14.698,46.274
2026-04-25 01:00:11,33,40,0,0,14.668,46.005
2026-04-25 01:05:12,32,38,0,0,14.65,46.581
2026-04-25 01:10:11,32,40,0,0,14.639,47.172
2026-04-25 01:15:11,33,39,0,0,14.618,47.565
2026-04-25 01:20:11,33,39,0,0,14.615,48.015
2026-04-25 01:25:11,33,39,0,0,14.607,48.234
2026-04-25 01:30:11,33,40,0,0,14.588,48.33
2026-04-25 01:35:12,33,38,0,0,14.54,48.568
2026-04-25 01:40:11,32,38,0,0,14.532,48.969
2026-04-25 01:45:12,35,43,0,0,14.492,49.303
2026-04-25 01:50:11,34,39,0,0,14.474,49.465
2026-04-25 01:55:12,34,41,0,0,14.46,48.934
2026-04-25 02:00:12,33,39,0,0,14.417,48.873
2026-04-25 02:05:11,33,37,0,0,14.377,48.879
2026-04-25 02:10:12,34,41,0,0,14.332,49.846
2026-04-25 02:15:12,35,39,0,0,14.295,50.498
2026-04-25 02:20:12,34,40,0,0,14.233,50.476
2026-04-25 02:25:12,33,37,0,0,14.185,48.486
2026-04-25 02:30:12,33,38,0,0,14.121,47.977
2026-04-25 02:35:12,33,41,0,0,14.054,48.639
2026-04-25 02:40:12,34,42,0,0,14.062,49.138
2026-04-25 02:45:12,35,45,0,0,14.044,50.012
2026-04-25 02:50:12,33,40,0,0,14.004,49.953
2026-04-25 02:55:12,33,37,0,0,13.923,49.999
2026-04-25 03:00:12,32,35,0,0,13.873,49.97
2026-04-25 03:05:12,33,38,0,0,13.758,50.357
2026-04-25 03:10:12,32,41,0,0,13.686,49.299
2026-04-25 03:15:12,34,38,0,0,13.603,48.925
2026-04-25 03:20:12,32,37,0,0,13.574,49.138
2026-04-25 03:25:12,32,36,0,0,13.499,49.573
2026-04-25 03:30:12,32,38,0,0,13.48,49.173
2026-04-25 03:35:12,32,40,0,0,13.44,49.232
2026-04-25 03:40:12,34,39,0,0,13.397,49.467
2026-04-25 03:45:12,32,37,0,0,13.365,49.064
2026-04-25 03:50:12,32,38,0,0,13.331,49.009
2026-04-25 03:55:12,33,37,0,0,13.352,49.535
2026-04-25 04:00:12,32,36,0,0,13.307,49.262
2026-04-25 04:05:12,33,38,0,0,13.32,49.14
2026-04-25 04:10:12,32,38,0,0,13.28,49.259
2026-04-25 04:15:12,33,37,0,0,13.277,49.1
2026-04-25 04:20:12,33,37,0,0,13.251,49.823
2026-04-25 04:25:12,32,37,0,0,13.221,49.289
2026-04-25 04:30:12,33,38,0,0,13.202,49.076
2026-04-25 04:35:12,30,38,0,0,13.152,49.07
2026-04-25 04:40:12,33,37,0,0,13.165,49.489
2026-04-25 04:45:12,30,32,0,0,13.149,49.123
2026-04-25 04:50:12,29,31,0,0,13.157,47.326
2026-04-25 04:55:12,28,37,0,0,13.112,47.021
2026-04-25 05:00:12,31,32,0,0,13.093,47.382
2026-04-25 05:05:12,31,36,0,0,13.016,47.588
2026-04-25 05:10:12,29,35,0,0,12.967,47.609
2026-04-25 05:15:12,26,28,0,0,12.911,44.874
2026-04-25 05:20:12,27,30,0,0,12.914,44.885
2026-04-25 05:25:12,26,28,0,0,12.895,45.097
2026-04-25 05:30:12,26,34,0,0,12.861,44.959
2026-04-25 05:35:12,25,26,0,0,12.845,44.021
2026-04-25 05:40:12,26,27,0,0,12.901,44.515
2026-04-25 05:45:12,30,32,0,0,12.903,46.466
2026-04-25 05:50:12,30,34,0,0,12.917,47.874
2026-04-25 05:55:12,33,37,0,0,12.877,51.372
2026-04-25 06:00:12,33,37,0,0,12.869,51.134
2026-04-25 06:05:12,34,40,0,0,12.797,51.589
2026-04-25 06:10:12,36,43,0,0,12.743,52.101
2026-04-25 06:15:12,34,39,0,0,12.596,52.425
2026-04-25 06:20:12,33,37,0,0,12.455,50.937
2026-04-25 06:25:12,33,37,0,0,12.308,51.946
2026-04-25 06:30:12,34,38,0,0,12.134,52.44
2026-04-25 06:35:12,36,42,0,0,12.044,53.272
2026-04-25 06:40:12,34,39,0,0,11.971,52.024
2026-04-25 06:45:12,30,35,0,0,11.947,49.531
2026-04-25 06:50:12,31,34,0,0,12.014,49.749
2026-04-25 06:55:12,29,32,0,0,12.065,49.667
2026-04-25 07:00:12,30,34,0,0,12.076,49.373
2026-04-25 07:05:12,28,35,0,0,12.089,49.373
2026-04-25 07:10:12,31,34,0,0,12.06,49.203
2026-04-25 07:15:12,30,31,0,0,12.004,48.871
2026-04-25 07:20:12,28,31,0,0,11.974,49.68
2026-04-25 07:25:12,27,30,0,0,11.963,48.097
2026-04-25 07:30:12,27,27,0,0,11.998,47.33
2026-04-25 07:35:12,24,25,0,0,12.03,48.047
2026-04-25 07:40:12,23,26,0,0,12.089,47.38
2026-04-25 07:45:12,25,27,0,0,12.15,46.792
2026-04-25 07:50:12,25,28,0,0,12.196,46.943
2026-04-25 07:55:12,27,30,0,0,12.284,46.489
2026-04-25 08:00:12,22,28,0,0,12.305,46.155
2026-04-25 08:05:13,27,29,0,0,12.396,46.857
2026-04-25 08:10:12,31,38,0,0,12.444,49.552
2026-04-25 08:15:13,31,40,0,0,12.522,49.692
2026-04-25 08:20:12,29,35,0,0,12.586,48.589
2026-04-25 08:25:12,33,37,0,0,12.66,49.56
2026-04-25 08:30:12,33,36,0,0,12.797,49.972
2026-04-25 08:35:12,34,38,0,0,12.911,50.086
2026-04-25 08:40:13,37,43,0,0,13.016,50.945
2026-04-25 08:45:12,32,38,0,0,13.16,49.783
2026-04-25 08:50:13,34,40,0,0,13.277,49.57
2026-04-25 08:55:13,33,38,0,0,13.392,48.74
2026-04-25 09:00:13,33,37,0,0,13.531,48.118
2026-04-25 09:05:13,33,37,0,0,13.699,47.351
2026-04-25 09:10:13,30,37,0,0,14.092,46.93
2026-04-25 09:15:13,29,34,0,0,14.807,44.021
2026-04-25 09:20:13,28,35,0,0,15.734,42.487
2026-04-25 09:25:13,27,30,0,0,16.909,39.97
2026-04-25 09:30:13,29,34,0,0,18.062,37.246
2026-04-25 09:35:13,29,35,0,0,19.181,35.295
2026-04-25 09:40:13,27,29,0,0,20.177,32.952
2026-04-25 09:45:13,25,28,0,0,21.12,31.608
2026-04-25 09:50:13,24,29,0,0,21.999,29.721
2026-04-25 09:55:13,25,26,0,0,22.864,28.339
2026-04-25 10:00:13,28,33,0,0,23.692,28.249
2026-04-25 10:05:13,30,31,0,0,24.383,27.032
2026-04-25 10:10:13,33,43,0,0,24.96,26.729
2026-04-25 10:15:13,32,41,0,0,25.547,26.464
2026-04-25 10:20:13,43,60,0,0,26.089,26.797
2026-04-25 10:25:13,33,37,0,0,26.632,26.511
2026-04-25 10:30:13,31,35,0,0,27.259,25.281
2026-04-25 10:35:13,31,36,0,0,27.807,25.004
2026-04-25 10:40:13,31,36,0,0,28.402,24.638
2026-04-25 10:45:13,32,39,0,0,29.008,24.241
2026-04-25 10:50:13,35,40,0,0,29.529,24.102
2026-04-25 10:55:13,35,43,0,0,30.068,24.117
2026-04-25 11:00:13,34,45,0,0,30.512,23.488
2026-04-25 11:05:13,37,45,0,0,31,22.851
2026-04-25 11:10:13,37,42,0,0,31.329,22.742
2026-04-25 11:15:13,39,47,0,0,31.51,22.483
2026-04-25 11:20:13,39,49,0,0,31.716,22.5
2026-04-25 11:25:13,40,48,0,0,31.943,22.14
2026-04-25 11:30:13,37,46,0,0,32.143,22.145
2026-04-25 11:35:13,38,47,0,0,32.311,21.796
2026-04-25 11:40:13,39,47,0,0,32.512,21.602
2026-04-25 11:45:13,39,46,0,0,32.594,21.634
2026-04-25 11:50:13,40,48,0,0,32.538,21.714
2026-04-25 11:55:13,39,46,0,0,32.669,21.626
2026-04-25 12:00:13,39,47,0,0,32.832,21.634
2026-04-25 12:05:13,40,47,0,0,32.974,21.544
2026-04-25 12:10:13,40,50,0,0,33.131,21.111
2026-04-25 12:15:13,41,50,0,0,33.177,20.965
2026-04-25 12:20:13,40,47,0,0,33.251,20.841
2026-04-25 12:25:13,39,46,0,0,33.262,20.188
2026-04-25 12:30:13,38,47,0,0,33.126,20.301
2026-04-25 12:35:13,36,45,0,0,32.91,20.02
2026-04-25 12:40:13,37,46,0,0,32.341,20.581
2026-04-25 12:45:13,38,46,0,0,31.668,21.022
2026-04-25 12:50:15,42,51,0,0,30.944,21.775
2026-04-25 12:55:13,41,49,0,0,30.143,22.687
2026-04-25 13:00:13,41,52,0,0,29.363,22.477
2026-04-25 13:05:13,43,53,0,0,28.61,23.383
2026-04-25 13:10:13,43,53,0,0,27.913,24.337
2026-04-25 13:15:13,41,51,0,0,27.259,25.376
2026-04-25 13:20:13,42,52,0,0,26.741,25.3
2026-04-25 13:25:13,41,50,0,0,26.239,25.464
2026-04-25 13:30:13,40,48,0,0,25.828,26.46
2026-04-25 13:35:13,41,50,0,0,25.36,27.122
2026-04-25 13:40:13,41,52,0,0,25.037,26.935
2026-04-25 13:45:13,40,49,0,0,24.738,27.957
2026-04-25 13:50:13,42,53,0,0,24.535,27.066
2026-04-25 13:55:13,42,52,0,0,24.359,27.778
2026-04-25 14:00:13,42,53,0,0,24.202,28.277
2026-04-25 14:05:13,44,56,0,0,24.044,28.571
2026-04-25 14:10:13,41,52,0,0,23.916,28.937
2026-04-25 14:15:13,42,52,0,0,23.772,29.227
2026-04-25 14:20:13,46,59,0,0,23.705,28.976
2026-04-25 14:25:13,48,62,0,0,23.569,29.763
2026-04-25 14:30:13,47,60,0,0,23.459,30.469
2026-04-25 14:35:13,49,62,0,0,23.376,30.746
2026-04-25 14:40:13,50,62,0,0,23.296,30.646
2026-04-25 14:45:13,51,64,0,0,23.206,30.336
2026-04-25 14:50:13,46,57,0,0,23.093,29.775
2026-04-25 14:55:13,44,55,0,0,23.029,30.099
2026-04-25 15:00:13,38,47,0,0,22.976,29.128
2026-04-25 15:05:13,36,45,0,0,22.89,28.668
2026-04-25 15:10:13,36,44,0,0,22.832,28.045
2026-04-25 15:15:13,38,45,0,0,22.73,28.998
2026-04-25 15:20:13,35,40,0,0,22.69,28.871
2026-04-25 15:25:13,34,41,0,0,22.623,28.558
2026-04-25 15:30:13,35,41,0,0,22.557,28.796
2026-04-25 15:35:13,35,42,0,0,22.522,28.924
2026-04-25 15:40:13,33,37,0,0,22.495,29.183
2026-04-25 15:45:13,33,39,0,0,22.455,28.289
2026-04-25 15:50:13,34,40,0,0,22.415,29.075
2026-04-25 15:55:13,33,38,0,0,22.391,28.937
2026-04-25 16:00:14,32,35,0,0,22.378,28.632
2026-04-25 16:05:14,27,30,0,0,22.362,28.308
2026-04-25 16:10:14,27,29,0,0,22.319,28.592
2026-04-25 16:15:14,26,26,0,0,22.303,27.923
2026-04-25 16:20:14,27,27,0,0,22.279,27.97
2026-04-25 16:25:14,23,23,0,0,22.239,27.986
2026-04-25 16:30:14,25,26,0,0,22.212,28.031
2026-04-25 16:35:14,24,25,0,0,22.175,28.176
2026-04-25 16:40:14,25,26,0,0,22.127,28.333
2026-04-25 16:45:14,23,25,0,0,22.065,28.106
2026-04-25 16:50:14,21,22,0,0,21.988,28.527
2026-04-25 16:55:14,22,23,0,0,21.934,28.014
2026-04-25 17:00:14,20,22,0,0,21.854,28.379
2026-04-25 17:05:14,24,26,0,0,21.774,28.913
2026-04-25 17:10:14,21,22,0,0,21.713,29.166
2026-04-25 17:15:14,19,22,0,0,21.625,29.327
2026-04-25 17:20:14,22,24,0,0,21.571,29.279
2026-04-25 17:25:14,20,23,0,0,21.502,29.529
2026-04-25 17:30:14,18,20,0,0,21.406,29.788
2026-04-25 17:35:14,17,19,0,0,21.328,29.447
2026-04-25 17:40:14,12,15,0,0,21.205,29.069
2026-04-25 17:45:14,13,14,0,0,21.091,28.577
2026-04-25 17:50:14,11,12,0,0,20.946,28.648
2026-04-25 17:55:14,9,9,0,0,20.832,28.766
2026-04-25 18:00:14,8,10,0,0,20.669,28.787
2026-04-25 18:05:14,12,13,0,0,20.5,28.834
2026-04-25 18:10:14,8,11,0,0,20.348,29.058
2026-04-25 18:15:14,8,9,0,0,20.191,29.292
2026-04-25 18:20:14,11,12,0,0,20.047,29.714
2026-04-25 18:25:14,10,12,0,0,19.852,30.168
2026-04-25 18:30:14,11,14,0,0,19.667,31.354
2026-04-25 18:35:14,9,11,0,0,19.504,32.436
2026-04-25 18:40:14,8,10,0,0,19.35,32.756
2026-04-25 18:45:14,14,14,0,0,19.152,31.884
2026-04-25 18:50:14,7,10,0,0,18.949,31.783
2026-04-25 18:55:14,11,15,0,0,18.805,32.157
2026-04-25 19:00:14,12,13,0,0,18.679,32.455
2026-04-25 19:05:14,11,14,0,0,18.484,32.279
2026-04-25 19:10:14,10,10,0,0,18.313,32.577
2026-04-25 19:15:14,12,15,0,0,18.143,32.981
2026-04-25 19:20:14,7,10,0,0,17.982,33.475
2026-04-25 19:25:14,12,14,0,0,17.884,33.027
2026-04-25 19:30:14,11,13,0,0,17.79,33.322
2026-04-25 19:35:14,11,14,0,0,17.731,34.784
2026-04-25 19:40:14,9,13,0,0,17.609,34.059
2026-04-25 19:45:14,12,12,0,0,17.518,34.661
2026-04-25 19:50:14,13,16,0,0,17.43,34.599
2026-04-25 19:55:14,15,16,0,0,17.363,34.9
2026-04-25 20:00:14,14,17,0,0,17.288,34.669
2026-04-25 20:05:14,12,14,0,0,17.203,34.888
2026-04-25 20:10:14,11,15,0,0,17.08,34.93
2026-04-25 20:15:14,8,12,0,0,17.056,35.003
2026-04-25 20:20:14,12,15,0,0,16.994,35.182
2026-04-25 20:25:14,14,16,0,0,16.952,35.196
2026-04-25 20:30:14,13,14,0,0,16.904,35.705
2026-04-25 20:35:14,15,18,0,0,16.85,35.72
2026-04-25 20:40:14,12,18,0,0,16.794,36.54
2026-04-25 20:45:14,12,15,0,0,16.754,36.834
2026-04-25 20:50:14,15,18,0,0,16.663,37.116
2026-04-25 20:55:14,15,19,0,0,16.535,36.765
2026-04-25 21:00:14,16,20,0,0,16.444,38.142
2026-04-25 21:05:14,16,19,0,0,16.313,37.763
2026-04-25 21:10:14,17,22,0,0,16.22,37.681
2026-04-25 21:15:14,19,19,0,0,16.129,37.891
2026-04-25 21:20:14,17,21,0,0,16.044,36.75
2026-04-25 21:25:14,20,22,0,0,15.964,37.28
2026-04-25 21:30:14,24,25,0,0,15.849,37.227
2026-04-25 21:35:14,23,26,0,0,15.766,36.922
2026-04-25 21:40:14,28,29,0,0,15.707,36.874
2026-04-25 21:45:14,23,25,0,0,15.659,37.166
2026-04-25 21:50:14,28,28,0,0,15.659,36.592
2026-04-25 21:55:14,22,24,0,0,15.683,36.895
2026-04-25 22:00:14,19,23,0,0,15.686,37.885
2026-04-25 22:05:14,21,22,0,0,15.665,38.188
2026-04-25 22:10:14,20,23,0,0,15.643,38.387
2026-04-25 22:15:14,23,24,0,0,15.595,38.226
2026-04-25 22:20:14,18,21,0,0,15.55,37.828
2026-04-25 22:25:14,19,22,0,0,15.536,37.908
2026-04-25 22:30:14,16,16,0,0,15.526,37.345
2026-04-25 22:35:14,18,18,0,0,15.542,37.549
2026-04-25 22:40:14,18,20,0,0,15.536,37.532
2026-04-25 22:45:14,18,19,0,0,15.55,37.463
2026-04-25 22:50:14,18,22,0,0,15.531,37.538
2026-04-25 22:55:14,19,20,0,0,15.52,37.654
2026-04-25 23:00:14,18,19,0,0,15.499,37.738
2026-04-25 23:05:15,22,23,0,0,15.47,37.507
2026-04-25 23:10:14,23,24,0,0,15.44,37.248
2026-04-25 23:15:15,18,20,0,0,15.341,39.331
2026-04-25 23:20:14,20,22,0,0,15.264,40.265
2026-04-25 23:25:14,19,20,0,0,15.176,40.429
2026-04-25 23:30:15,17,18,0,0,15.136,41.024
2026-04-25 23:35:14,18,21,0,0,15.029,41.013
2026-04-25 23:40:15,17,19,0,0,14.965,40.883
2026-04-25 23:45:15,16,20,0,0,14.92,41.217
2026-04-25 23:50:15,17,21,0,0,14.863,40.994
2026-04-25 23:55:14,17,19,0,0,14.81,41.459
2026-04-26 00:00:15,19,22,0,0,14.719,41.135
2026-04-26 00:05:15,17,18,0,0,14.634,41.593
2026-04-26 00:10:15,18,22,0,0,14.567,40.872
2026-04-26 00:15:14,18,20,0,0,14.559,41.328
2026-04-26 00:20:15,18,20,0,0,14.548,41.141
2026-04-26 00:25:15,17,22,0,0,14.559,40.916
2026-04-26 00:30:15,16,19,0,0,14.527,40.721
2026-04-26 00:35:15,17,19,0,0,14.508,40.067
2026-04-26 00:40:15,18,19,0,0,14.458,39.638
2026-04-26 00:45:15,15,17,0,0,14.399,38.816
2026-04-26 00:50:15,13,16,0,0,14.42,38.6
2026-04-26 00:55:15,13,16,0,0,14.436,38.121
2026-04-26 01:00:15,13,17,0,0,14.407,39.071
2026-04-26 01:05:15,13,18,0,0,14.38,38.631
2026-04-26 01:10:15,13,16,0,0,14.313,39.642
2026-04-26 01:15:15,17,18,0,0,14.265,39.081
2026-04-26 01:20:15,12,15,0,0,14.241,39.335
2026-04-26 01:25:15,15,18,0,0,14.191,40.227
2026-04-26 01:30:15,12,18,0,0,14.145,39.825
2026-04-26 01:35:15,12,15,0,0,14.116,38.406
2026-04-26 01:40:15,9,9,0,0,14.073,38.348
2026-04-26 01:45:15,12,14,0,0,14.022,38.438
2026-04-26 01:50:15,15,18,0,0,13.961,38.15
2026-04-26 01:55:15,11,13,0,0,13.915,38.966
2026-04-26 02:00:15,14,16,0,0,13.838,38.499
2026-04-26 02:05:15,11,11,0,0,13.822,38.585
2026-04-26 02:10:15,11,11,0,0,13.795,39.359
2026-04-26 02:15:15,9,9,0,0,13.763,38.12
2026-04-26 02:20:15,11,11,0,0,13.691,38.167
2026-04-26 02:25:15,12,12,0,0,13.63,38.219
2026-04-26 02:30:15,9,11,0,0,13.584,38.669
2026-04-26 02:35:15,11,13,0,0,13.526,37.95
2026-04-26 02:40:15,9,11,0,0,13.47,37.74
2026-04-26 02:45:15,11,12,0,0,13.451,37.57
2026-04-26 02:50:15,8,13,0,0,13.462,36.775
2026-04-26 02:55:15,11,11,0,0,13.502,34.858
2026-04-26 03:00:15,7,9,0,0,13.56,36.29
2026-04-26 03:05:15,11,12,0,0,13.555,36.43
2026-04-26 03:10:15,7,9,0,0,13.566,36.311
2026-04-26 03:15:15,9,9,0,0,13.6,36.826
2026-04-26 03:20:15,8,11,0,0,13.566,38.167
2026-04-26 03:25:15,7,11,0,0,13.502,38.406
2026-04-26 03:30:15,8,8,0,0,13.459,37.496
2026-04-26 03:35:15,7,8,0,0,13.416,34.709
2026-04-26 03:40:15,6,6,0,0,13.435,36.597
2026-04-26 03:45:15,9,9,0,0,13.416,35.575
2026-04-26 03:50:15,8,9,0,0,13.373,37.462
2026-04-26 03:55:15,6,7,0,0,13.336,35.833
2026-04-26 04:00:15,7,7,0,0,13.299,36.615
2026-04-26 04:05:15,7,9,0,0,13.275,35.728
2026-04-26 04:10:15,6,7,0,0,13.229,36.407
2026-04-26 04:15:15,6,7,0,0,13.192,35.321
2026-04-26 04:20:15,8,8,0,0,13.208,35.333
2026-04-26 04:25:15,5,5,0,0,13.197,36.569
2026-04-26 04:30:15,8,9,0,0,13.178,37.235
2026-04-26 04:35:15,7,8,0,0,13.101,37.576
2026-04-26 04:40:15,7,9,0,0,13.048,37.141
2026-04-26 04:45:15,9,9,0,0,13.026,36.571
2026-04-26 04:50:15,6,8,0,0,12.954,37.671
2026-04-26 04:55:15,6,7,0,0,12.909,36.615
2026-04-26 05:00:15,8,8,0,0,12.826,35.751
2026-04-26 05:05:15,5,5,0,0,12.775,36.586
2026-04-26 05:10:15,8,9,0,0,12.687,36.779
2026-04-26 05:15:15,7,7,0,0,12.65,37.269
2026-04-26 05:20:15,8,8,0,0,12.578,37.626
2026-04-26 05:25:15,8,9,0,0,12.559,37.826
2026-04-26 05:30:15,8,9,0,0,12.556,37.256
2026-04-26 05:35:15,8,8,0,0,12.57,37.629
2026-04-26 05:40:15,6,7,0,0,12.575,35.127
2026-04-26 05:45:15,4,4,0,0,12.583,35.512
2026-04-26 05:50:15,8,9,0,0,12.524,36.254
2026-04-26 05:55:15,7,8,0,0,12.484,36.712
2026-04-26 06:00:16,9,9,0,0,12.471,36.733
2026-04-26 06:05:15,8,11,0,0,12.487,37.391
2026-04-26 06:10:15,6,8,0,0,12.444,37.652
2026-04-26 06:15:16,9,11,0,0,12.444,38.398
2026-04-26 06:20:15,7,9,0,0,12.399,38.497
2026-04-26 06:25:15,7,8,0,0,12.38,38.976
2026-04-26 06:30:15,7,11,0,0,12.337,39.329
2026-04-26 06:35:16,7,11,0,0,12.305,38.97
2026-04-26 06:40:16,9,15,0,0,12.252,39.083
2026-04-26 06:45:15,7,7,0,0,12.201,39.153
2026-04-26 06:50:16,8,11,0,0,12.182,38.923
2026-04-26 06:55:16,8,13,0,0,12.198,39.638
2026-04-26 07:00:16,8,13,0,0,12.182,38.644
2026-04-26 07:05:16,8,9,0,0,12.193,38.896
2026-04-26 07:10:16,8,9,0,0,12.174,39.016
2026-04-26 07:15:16,8,11,0,0,12.142,39.212
2026-04-26 07:20:16,8,12,0,0,12.086,39.308
2026-04-26 07:25:16,9,9,0,0,12.068,40.138
2026-04-26 07:30:16,12,12,0,0,12.062,39.356
2026-04-26 07:35:16,8,11,0,0,12.065,39.769
2026-04-26 07:40:16,9,11,0,0,12.084,39.819
2026-04-26 07:45:16,9,11,0,0,12.102,40.662
2026-04-26 07:50:16,8,11,0,0,12.076,40.353
2026-04-26 07:55:16,6,6,0,0,12.049,39.933
2026-04-26 08:00:16,7,7,0,0,12.017,38.6
2026-04-26 08:05:16,6,6,0,0,12.009,38.787
2026-04-26 08:10:16,7,7,0,0,11.974,39.649
2026-04-26 08:15:16,7,9,0,0,11.987,39.636
2026-04-26 08:20:16,8,9,0,0,12.022,41.004
2026-04-26 08:25:16,6,7,0,0,12.084,40.08
2026-04-26 08:30:16,6,7,0,0,12.198,40.246
2026-04-26 08:35:16,7,7,0,0,12.284,40.796
2026-04-26 08:40:16,7,9,0,0,12.417,39.199
2026-04-26 08:45:16,6,7,0,0,12.53,37.229
2026-04-26 08:50:16,6,6,0,0,12.698,35.829
2026-04-26 08:55:16,7,7,0,0,12.842,35.997
2026-04-26 09:00:16,6,9,0,0,13.045,36.634
2026-04-26 09:05:16,8,9,0,0,13.331,35.163
2026-04-26 09:10:16,4,5,0,0,13.851,33.731
2026-04-26 09:15:16,8,8,0,0,14.743,32.626
2026-04-26 09:20:16,6,7,0,0,15.926,30.425
2026-04-26 09:25:16,4,6,0,0,17.229,27.518
2026-04-26 09:30:16,7,7,0,0,18.527,24.627
2026-04-26 09:35:16,7,9,0,0,19.702,23.141
2026-04-26 09:40:16,5,6,0,0,20.808,21.956
2026-04-26 09:45:16,5,6,0,0,21.812,22.159
2026-04-26 09:50:16,5,6,0,0,22.714,22.182
2026-04-26 09:55:16,8,9,0,0,23.497,22.895
2026-04-26 10:00:16,11,11,0,0,24.21,22.628
2026-04-26 10:05:16,13,16,0,0,24.861,22.634
2026-04-26 10:10:16,14,17,0,0,25.449,22.571
2026-04-26 10:15:16,19,21,0,0,25.969,22.04
2026-04-26 10:20:16,20,20,0,0,26.439,22.374
2026-04-26 10:25:16,19,20,0,0,26.864,22.256
2026-04-26 10:30:16,22,23,0,0,27.371,22.035
2026-04-26 10:35:16,21,23,0,0,27.82,21.737
2026-04-26 10:40:16,21,22,0,0,28.381,21.14
2026-04-26 10:45:16,23,24,0,0,28.973,20.753
2026-04-26 10:50:16,24,26,0,0,29.609,20.051
2026-04-26 10:55:16,24,25,0,0,30.17,19.446
2026-04-26 11:00:16,25,25,0,0,30.728,19.641
2026-04-26 11:05:16,24,26,0,0,31.217,19.391
2026-04-26 11:10:16,24,27,0,0,31.625,18.826
2026-04-26 11:15:16,23,24,0,0,32.028,18.323
2026-04-26 11:20:16,27,27,0,0,32.333,18.447
2026-04-26 11:25:16,26,28,0,0,32.573,18.62
2026-04-26 11:30:16,27,28,0,0,32.741,18.88
2026-04-26 11:35:16,29,29,0,0,32.893,18.573
2026-04-26 11:40:16,28,30,0,0,33.062,18.643
2026-04-26 11:45:16,28,29,0,0,33.161,18.582
2026-04-26 11:50:16,29,31,0,0,33.227,18.367
2026-04-26 11:55:16,28,33,0,0,33.315,18.357
2026-04-26 12:00:16,24,25,0,0,33.452,18.332
2026-04-26 12:05:16,29,30,0,0,33.564,17.886
2026-04-26 12:10:16,29,32,0,0,33.481,17.812
2026-04-26 12:15:16,30,34,0,0,33.409,17.564
2026-04-26 12:20:17,30,34,0,0,33.374,17.699
2026-04-26 12:25:16,30,33,0,0,33.219,17.989
2026-04-26 12:30:16,25,28,0,0,33.08,17.093
2026-04-26 12:35:17,26,27,0,0,32.667,17.898
2026-04-26 12:40:17,27,29,0,0,32.018,17.882
2026-04-26 12:45:17,27,30,0,0,31.267,18.71
2026-04-26 12:50:17,28,29,0,0,30.469,18.743
2026-04-26 12:55:17,30,33,0,0,29.622,20.02
2026-04-26 13:00:17,29,34,0,0,28.835,20.102
2026-04-26 13:05:17,27,27,0,0,28.023,20.995
2026-04-26 13:10:17,27,32,0,0,27.395,21.543
2026-04-26 13:15:17,30,34,0,0,26.821,22.939
2026-04-26 13:20:17,30,37,0,0,26.397,23.234
2026-04-26 13:25:17,29,34,0,0,25.983,23.625
2026-04-26 13:30:17,30,31,0,0,25.625,23.746
2026-04-26 13:35:17,33,37,0,0,25.366,24.81
2026-04-26 13:40:17,33,38,0,0,25.069,24.699
2026-04-26 13:45:17,32,36,0,0,24.842,24.72
2026-04-26 13:50:17,35,39,0,0,24.61,25.088
2026-04-26 13:55:18,33,41,0,0,24.402,24.055
2026-04-26 14:00:17,33,40,0,0,24.228,25.016
2026-04-26 14:05:17,38,46,0,0,24.065,24.676
2026-04-26 14:10:17,34,42,0,0,23.905,24.529
2026-04-26 14:15:17,34,40,0,0,23.78,24.705
2026-04-26 14:20:17,37,42,0,0,23.676,24.297
2026-04-26 14:25:17,35,42,0,0,23.566,24.381
2026-04-26 14:30:17,34,40,0,0,23.489,24.657
2026-04-26 14:35:17,36,43,0,0,23.438,24.671
2026-04-26 14:40:17,38,45,0,0,23.344,25.786
2026-04-26 14:45:17,40,48,0,0,23.259,24.867
2026-04-26 14:50:17,41,51,0,0,23.198,25.977
2026-04-26 14:55:17,43,55,0,0,23.141,25.922
2026-04-26 15:00:17,41,50,0,0,23.083,26.126
2026-04-26 15:05:17,42,53,0,0,23.024,26.784
2026-04-26 15:10:17,43,54,0,0,23.008,27.282
2026-04-26 15:15:17,43,55,0,0,23,27.511
2026-04-26 15:20:17,44,56,0,0,22.968,27.255
2026-04-26 15:25:17,44,55,0,0,22.928,27.799
2026-04-26 15:30:17,44,57,0,0,22.917,27.614
2026-04-26 15:35:17,45,58,0,0,22.866,28.138
2026-04-26 15:40:17,46,57,0,0,22.848,27.547
2026-04-26 15:45:17,46,59,0,0,22.802,27.932
2026-04-26 15:50:17,46,57,0,0,22.762,27.53
2026-04-26 15:55:17,45,56,0,0,22.717,27.696
2026-04-26 16:00:17,45,58,0,0,22.661,27.516
2026-04-26 16:05:17,44,55,0,0,22.639,27.442
2026-04-26 16:10:17,45,57,0,0,22.618,27.309
2026-04-26 16:15:17,43,56,0,0,22.594,27.087
2026-04-26 16:20:17,44,57,0,0,22.533,26.738
2026-04-26 16:25:17,43,53,0,0,22.493,26.933
2026-04-26 16:30:17,44,55,0,0,22.42,27.095
2026-04-26 16:35:17,42,50,0,0,22.402,27.64
2026-04-26 16:40:17,40,49,0,0,22.346,26.187
2026-04-26 16:45:17,39,47,0,0,22.303,26.683
2026-04-26 16:50:17,34,41,0,0,22.263,26.441
2026-04-26 16:55:17,33,39,0,0,22.234,26.145
2026-04-26 17:00:17,31,34,0,0,22.172,26.771
2026-04-26 17:05:17,24,26,0,0,22.111,26.212
2026-04-26 17:10:17,24,24,0,0,22.068,26.486
2026-04-26 17:15:17,22,24,0,0,21.999,26.698
2026-04-26 17:20:17,19,21,0,0,21.964,26.345
2026-04-26 17:25:17,17,18,0,0,21.868,26.265
2026-04-26 17:30:17,12,15,0,0,21.79,26.488
2026-04-26 17:35:17,8,10,0,0,21.694,26.437
2026-04-26 17:40:17,7,8,0,0,21.561,26.115
2026-04-26 17:45:17,8,8,0,0,21.448,25.939
2026-04-26 17:50:17,4,4,0,0,21.328,26
2026-04-26 17:55:17,6,6,0,0,21.171,25.903
2026-04-26 18:00:17,4,5,0,0,20.997,25.895
2026-04-26 18:05:17,4,5,0,0,20.816,25.779
2026-04-26 18:10:17,5,7,0,0,20.626,25.798
2026-04-26 18:15:17,3,3,0,0,20.455,26.774
2026-04-26 18:20:17,4,7,0,0,20.271,26.599
2026-04-26 18:25:17,5,6,0,0,20.071,26.801
2026-04-26 18:30:17,4,4,0,0,19.878,27.637
2026-04-26 18:35:17,5,6,0,0,19.734,28.178
2026-04-26 18:40:17,7,8,0,0,19.563,28.531
2026-04-26 18:45:17,5,5,0,0,19.39,28.34
2026-04-26 18:50:17,4,4,0,0,19.189,27.801
2026-04-26 18:55:17,12,14,0,0,18.992,28.31
2026-04-26 19:00:17,36,45,0,0,18.832,29.203
2026-04-26 19:05:17,35,42,0,0,18.666,30.175
2026-04-26 19:10:17,25,27,0,0,18.508,30.215
2026-04-26 19:15:17,12,14,0,0,18.324,29.872
2026-04-26 19:20:17,8,8,0,0,18.191,30.126
2026-04-26 19:25:17,6,6,0,0,18.068,30.431
2026-04-26 19:30:17,8,8,0,0,17.966,30.946
2026-04-26 19:35:17,6,7,0,0,17.83,31.127
2026-04-26 19:40:18,5,5,0,0,17.753,31.058
2026-04-26 19:45:18,5,5,0,0,17.678,30.36
2026-04-26 19:50:17,6,6,0,0,17.587,29.74
2026-04-26 19:55:18,5,5,0,0,17.56,30.086
2026-04-26 20:00:17,5,7,0,0,17.488,30.58
2026-04-26 20:05:18,5,5,0,0,17.438,30.105
2026-04-26 20:10:18,4,5,0,0,17.384,30.845
2026-04-26 20:15:18,4,5,0,0,17.304,31.665
2026-04-26 20:20:18,5,5,0,0,17.16,31.654
2026-04-26 20:25:18,6,8,0,0,17.093,31.032
2026-04-26 20:30:18,7,8,0,0,16.957,31.156
2026-04-26 20:35:18,9,13,0,0,16.893,31.135
2026-04-26 20:40:18,9,12,0,0,16.818,30.589
2026-04-26 20:45:18,17,18,0,0,16.733,30.589
2026-04-26 20:50:18,13,16,0,0,16.671,30.976
2026-04-26 20:55:18,13,16,0,0,16.621,31.156
2026-04-26 21:00:18,10,10,0,0,16.54,31.007
2026-04-26 21:05:18,16,19,0,0,16.46,30.954
2026-04-26 21:10:18,12,15,0,0,16.423,30.572
2026-04-26 21:15:18,7,11,0,0,16.372,30.452
2026-04-26 21:20:18,14,20,0,0,16.359,30.564
2026-04-26 21:25:18,16,18,0,0,16.332,30.246
2026-04-26 21:30:18,18,19,0,0,16.311,31.039
2026-04-26 21:35:18,17,21,0,0,16.295,30.891
2026-04-26 21:40:18,18,20,0,0,16.241,30.898
2026-04-26 21:45:18,19,20,0,0,16.217,31.753
2026-04-26 21:50:18,17,22,0,0,16.177,31.678
2026-04-26 21:55:18,17,19,0,0,16.145,31.856
2026-04-26 22:00:18,17,18,0,0,16.126,31.51
2026-04-26 22:05:18,16,19,0,0,16.049,31.81
2026-04-26 22:10:18,19,19,0,0,15.982,31.776
2026-04-26 22:15:18,15,18,0,0,15.916,32.207
2026-04-26 22:20:18,22,23,0,0,15.846,31.383
2026-04-26 22:25:18,18,19,0,0,15.779,31.646
2026-04-26 22:30:18,18,19,0,0,15.691,31.819
2026-04-26 22:35:18,20,22,0,0,15.587,31.636
2026-04-26 22:40:18,18,18,0,0,15.536,31.497
2026-04-26 22:45:18,18,22,0,0,15.494,31.921
2026-04-26 22:50:18,16,19,0,0,15.486,32.733
2026-04-26 22:55:18,18,19,0,0,15.446,32.426
2026-04-26 23:00:18,18,19,0,0,15.4,33.317
2026-04-26 23:05:18,18,22,0,0,15.365,32.737
2026-04-26 23:10:18,19,22,0,0,15.32,31.52
2026-04-26 23:15:18,14,17,0,0,15.288,30.082
2026-04-26 23:20:18,16,19,0,0,15.232,30.332
2026-04-26 23:25:18,15,18,0,0,15.208,30.328
2026-04-26 23:30:18,14,21,0,0,15.216,32.031
2026-04-26 23:35:18,13,14,0,0,15.208,31.266
2026-04-26 23:40:18,15,18,0,0,15.165,31.613
2026-04-26 23:45:18,8,13,0,0,15.157,30.799
2026-04-26 23:50:18,10,12,0,0,15.157,30.364
2026-04-26 23:55:18,9,17,0,0,15.165,30.807
2026-04-27 00:00:18,12,17,0,0,15.184,30.227
2026-04-27 00:05:18,10,17,0,0,15.2,31.587
2026-04-27 00:10:18,11,13,0,0,15.168,31.673
2026-04-27 00:15:18,9,12,0,0,15.093,31.036
2026-04-27 00:20:18,12,12,0,0,15.069,30.809
2026-04-27 00:25:18,7,8,0,0,15.024,29.298
2026-04-27 00:30:18,7,7,0,0,14.981,28.287
2026-04-27 00:35:18,6,8,0,0,14.895,27.024
2026-04-27 00:40:18,11,14,0,0,14.863,27.818
2026-04-27 00:45:18,6,6,0,0,14.866,26.271
2026-04-27 00:50:18,8,8,0,0,14.863,24.959
2026-04-27 00:55:18,5,5,0,0,14.89,24.711
2026-04-27 01:00:18,3,5,0,0,14.906,24.957
2026-04-27 01:05:18,6,6,0,0,14.965,26.149
2026-04-27 01:10:18,5,8,0,0,14.938,28.47
2026-04-27 01:15:18,7,8,0,0,14.941,29.147
2026-04-27 01:20:18,5,7,0,0,14.914,30.501
2026-04-27 01:25:18,8,8,0,0,14.845,29.519
2026-04-27 01:30:18,6,8,0,0,14.783,29.04
2026-04-27 01:35:18,8,11,0,0,14.701,29.13
2026-04-27 01:40:18,7,7,0,0,14.677,29.641
2026-04-27 01:45:18,5,7,0,0,14.618,30.063
2026-04-27 01:50:18,7,9,0,0,14.535,30.299
2026-04-27 01:55:18,9,11,0,0,14.458,29.157
2026-04-27 02:00:18,7,7,0,0,14.425,30.559
2026-04-27 02:05:18,8,9,0,0,14.393,31.68
2026-04-27 02:10:18,6,10,0,0,14.345,31.047
2026-04-27 02:15:19,9,9,0,0,14.332,30.677
2026-04-27 02:20:18,9,13,0,0,14.313,29.83
2026-04-27 02:25:19,7,8,0,0,14.305,30.265
2026-04-27 02:30:19,11,11,0,0,14.292,31.98
2026-04-27 02:35:18,9,13,0,0,14.241,32.077
2026-04-27 02:40:18,9,11,0,0,14.204,31.526
2026-04-27 02:45:19,13,15,0,0,14.137,32.371
2026-04-27 02:50:19,12,13,0,0,14.073,32.346
2026-04-27 02:55:19,9,9,0,0,14.076,31.785
2026-04-27 03:00:19,12,13,0,0,14.012,30.528
2026-04-27 03:05:19,12,14,0,0,14.014,30.784
2026-04-27 03:10:19,11,12,0,0,13.956,31.32
2026-04-27 03:15:19,9,13,0,0,13.894,31.371
2026-04-27 03:20:19,13,17,0,0,13.859,31.089
2026-04-27 03:25:19,9,18,0,0,13.809,31.762
2026-04-27 03:30:19,12,14,0,0,13.769,31.581
2026-04-27 03:35:19,12,18,0,0,13.729,31.968
2026-04-27 03:40:19,12,15,0,0,13.672,32.045
2026-04-27 03:45:19,14,17,0,0,13.646,31.663
2026-04-27 03:50:19,12,15,0,0,13.659,29.637
2026-04-27 03:55:19,9,14,0,0,13.635,28.247
2026-04-27 04:00:19,7,7,0,0,13.659,30.017
2026-04-27 04:05:19,5,5,0,0,13.656,30.027
2026-04-27 04:10:19,6,7,0,0,13.672,28.401
2026-04-27 04:15:19,5,5,0,0,13.648,26.364
2026-04-27 04:20:19,7,7,0,0,13.64,27.555
2026-04-27 04:25:19,5,6,0,0,13.611,26.492
2026-04-27 04:30:19,5,5,0,0,13.598,26.24
2026-04-27 04:35:19,6,6,0,0,13.619,25.758
2026-04-27 04:40:19,3,4,0,0,13.606,25.744
2026-04-27 04:45:19,5,5,0,0,13.608,24.999
2026-04-27 04:50:19,1,2,0,0,13.595,26.559
2026-04-27 04:55:19,4,4,0,0,13.547,27.44
2026-04-27 05:00:19,3,3,0,0,13.507,27.4
2026-04-27 05:05:19,3,4,0,0,13.448,27.715
2026-04-27 05:10:19,4,5,0,0,13.435,28.949
2026-04-27 05:15:19,6,6,0,0,13.453,28.949
2026-04-27 05:20:19,5,6,0,0,13.416,29.704
2026-04-27 05:25:19,6,6,0,0,13.395,30.673
2026-04-27 05:30:19,7,8,0,0,13.371,31.686
2026-04-27 05:35:19,7,7,0,0,13.347,32.497
2026-04-27 05:40:19,6,6,0,0,13.317,31.423
2026-04-27 05:45:19,6,8,0,0,13.24,31.097
2026-04-27 05:50:19,8,9,0,0,13.24,30.357
2026-04-27 05:55:19,5,6,0,0,13.232,30.719
2026-04-27 06:00:19,5,5,0,0,13.208,30.025
2026-04-27 06:05:19,5,7,0,0,13.189,30.557
2026-04-27 06:10:19,6,6,0,0,13.149,32.325
2026-04-27 06:15:19,6,6,0,0,13.136,31.133
2026-04-27 06:20:19,6,6,0,0,13.12,30.671
2026-04-27 06:25:19,4,5,0,0,13.106,31.118
2026-04-27 06:30:19,5,5,0,0,13.09,31.083
2026-04-27 06:35:19,3,4,0,0,13.082,27.799
2026-04-27 06:40:19,3,3,0,0,13.093,26.912
2026-04-27 06:45:19,2,2,0,0,13.08,27.091
2026-04-27 06:50:19,0,1,0,0,13.082,26.736
2026-04-27 06:55:19,2,3,0,0,13.064,25.588
2026-04-27 07:00:19,1,3,0,0,13.064,25.788
2026-04-27 07:05:19,2,2,0,0,13.088,27.251
2026-04-27 07:10:19,4,4,0,0,13.053,27.476
2026-04-27 07:15:19,3,3,0,0,13,28.438
2026-04-27 07:20:19,2,2,0,0,12.973,28.493
2026-04-27 07:25:19,1,3,0,0,12.938,27.415
2026-04-27 07:30:19,2,2,0,0,12.938,27.352
2026-04-27 07:35:19,1,3,0,0,12.911,27.52
2026-04-27 07:40:19,1,3,0,0,12.927,26.446
2026-04-27 07:45:19,1,2,0,0,12.911,26.111
2026-04-27 07:50:19,1,3,0,0,12.919,25.58
2026-04-27 07:55:19,1,1,0,0,12.959,27.021
2026-04-27 08:00:19,3,3,0,0,12.954,27.869
2026-04-27 08:05:19,2,3,0,0,12.93,28.884
2026-04-27 08:10:19,4,5,0,0,12.882,28.319
2026-04-27 08:15:19,6,7,0,0,12.882,28.575
2026-04-27 08:20:19,9,9,0,0,12.943,29.327
2026-04-27 08:25:19,3,4,0,0,12.994,27.249
2026-04-27 08:30:19,23,24,0,0,13.128,28.771
2026-04-27 08:35:19,4,4,0,0,13.259,29.525
2026-04-27 08:40:19,4,4,0,0,13.352,28.606
2026-04-27 08:45:19,2,2,0,0,13.504,25.432
2026-04-27 08:50:19,1,1,0,0,13.662,23.999
2026-04-27 08:55:20,1,1,0,0,13.838,24.203
2026-04-27 09:00:19,1,3,0,0,14.033,24.247
2026-04-27 09:05:19,3,4,0,0,14.351,25.64
2026-04-27 09:10:19,3,3,0,0,14.93,26.605
2026-04-27 09:15:19,4,5,0,0,15.926,25.846
2026-04-27 09:20:19,2,2,0,0,17.152,25.554
2026-04-27 09:25:20,1,2,0,0,18.514,22.431
2026-04-27 09:30:19,3,4,0,0,19.836,22.416
2026-04-27 09:35:20,8,10,0,0,21.069,20.74
2026-04-27 09:40:19,4,5,0,0,22.159,18.266
2026-04-27 09:45:20,4,4,0,0,23.144,17.058
2026-04-27 09:50:20,2,4,0,0,24.081,16.162
2026-04-27 09:55:20,1,2,0,0,24.995,14.954
2026-04-27 10:00:19,2,2,0,0,25.887,15.586
2026-04-27 10:05:19,2,4,0,0,26.656,14.741
2026-04-27 10:10:19,1,1,0,0,27.355,13.982
2026-04-27 10:15:20,6,6,0,0,27.975,15.927
2026-04-27 10:20:19,5,8,0,0,28.487,16.629
2026-04-27 10:25:19,6,7,0,0,29.005,16.116
2026-04-27 10:30:19,6,8,0,0,29.577,15.654
2026-04-27 10:35:20,7,7,0,0,30.122,15.151
2026-04-27 10:40:20,8,9,0,0,30.731,15.029
2026-04-27 10:45:20,7,11,0,0,31.323,15.489
2026-04-27 10:50:20,8,10,0,0,31.948,14.602
2026-04-27 10:55:20,11,12,0,0,32.458,14.14
2026-04-27 11:00:20,12,13,0,0,32.84,14.127
2026-04-27 11:05:20,5,6,0,0,33.409,13.919
2026-04-27 11:10:20,6,7,0,0,33.93,12.723
2026-04-27 11:15:20,8,8,0,0,34.317,12.647
2026-04-27 11:20:20,3,6,0,0,34.677,12.654
2026-04-27 11:25:20,4,4,0,0,34.926,12.549
2026-04-28 13:24:39,4,5,0,0,28.992,26.561
2026-04-28 13:29:38,2,3,0,0,29.545,25.06
2026-04-28 13:34:38,1,2,0,0,29.94,24.442
2026-04-28 13:39:39,1,1,0,0,30.261,23.66
2026-04-28 13:44:39,3,4,0,0,30.341,24.085
2026-04-28 13:49:38,3,4,0,0,30.335,23.719
2026-04-28 13:54:38,9,18,0,0,30.367,24.678
2026-04-28 13:59:39,3,3,0,0,30.37,24.785
2026-04-28 14:04:39,4,7,0,0,30.293,24.411
2026-04-28 14:09:39,3,5,0,0,30.167,24.821
2026-04-28 14:14:39,1,1,0,0,30.154,25.374
2026-04-28 14:19:39,1,1,0,0,30.25,24.81
2026-04-28 14:24:39,1,1,0,0,30.474,25.149
2026-04-28 14:29:39,1,1,0,0,30.779,24.537
2026-04-28 14:34:38,1,1,0,0,31.043,24.558
2026-04-28 14:39:39,2,2,0,0,31.387,23.931
2026-04-28 14:44:39,4,5,0,0,31.697,23.515
2026-04-28 14:49:39,3,3,0,0,32.031,24.083
2026-04-28 14:54:39,2,2,0,0,32.279,22.569
2026-04-28 14:59:39,0,0,0,0,32.602,22.882
2026-04-28 15:04:39,2,3,0,0,32.968,23.095
2026-04-28 15:09:39,2,2,0,0,33.128,22.895
2026-04-28 15:14:39,2,2,0,0,33.281,22.805
2026-04-28 15:19:39,0,0,0,0,33.444,22.597
2026-04-28 15:24:39,1,2,0,0,33.51,23.179
2026-04-28 15:29:39,2,3,0,0,33.315,23.808
2026-04-28 15:34:38,2,3,0,0,33.03,23.196
2026-04-28 15:39:39,3,4,0,0,32.893,23.501
2026-04-28 15:44:39,3,4,0,0,32.819,23.852
2026-04-28 15:49:39,2,2,0,0,32.717,24.245
2026-04-28 15:54:39,3,4,0,0,32.562,25.405
2026-04-28 15:59:39,3,3,0,0,32.202,24.983
2026-04-28 16:04:39,3,4,0,0,31.948,25.403
2026-04-28 16:09:39,3,3,0,0,31.708,25.743
2026-04-28 16:14:39,5,5,0,0,31.414,25.888
2026-04-28 16:19:39,3,3,0,0,31.099,26.553
2026-04-28 16:24:39,2,2,0,0,30.757,27.225
2026-04-28 16:29:38,1,2,0,0,30.509,27.652
2026-04-28 16:39:38,4,7,0,0,30.076,28.798
2026-04-28 16:44:38,5,6,0,0,29.807,29.733
2026-04-28 16:49:38,5,5,0,0,29.467,30.103
2026-04-28 16:54:38,5,6,0,0,29.182,30.685
2026-04-28 16:59:39,5,5,0,0,29,31.371
2026-04-28 17:04:39,7,8,0,0,28.765,31.785
2026-04-28 17:09:39,9,11,0,0,28.202,33.124
2026-04-28 17:14:38,6,6,0,0,27.628,34.188
2026-04-28 17:19:39,6,6,0,0,27.094,35.199
2026-04-28 17:24:38,5,6,0,0,26.479,36.195
2026-04-28 17:29:39,5,5,0,0,25.806,33.834
2026-04-28 17:34:38,4,4,0,0,25.152,39.438
2026-04-28 17:39:39,7,7,0,0,24.482,40.052
2026-04-28 17:44:39,4,5,0,0,23.862,41.29
2026-04-28 17:49:39,5,6,0,0,23.451,42.602
2026-04-28 17:54:44,2,2,0,0,23.077,43.212
2026-04-28 17:59:39,3,3,0,0,22.762,43.472
2026-04-28 18:04:39,3,3,0,0,22.477,44.881
2026-04-28 18:09:39,4,4,0,0,22.164,45.457
2026-04-28 18:14:39,16,18,0,0,21.849,46.43
2026-04-28 18:19:39,11,13,0,0,21.579,47.653
2026-04-28 18:24:39,6,7,0,0,21.326,48.448
2026-04-28 18:29:39,3,5,0,0,21.115,49.154
2026-04-28 18:34:39,3,4,0,0,20.909,49.921
2026-04-28 18:39:39,3,3,0,0,20.637,50.683
2026-04-28 18:44:39,3,4,0,0,20.415,50.783
2026-04-28 18:54:39,2,2,0,0,20.092,52.097
2026-04-28 18:59:39,2,3,0,0,19.961,50.609
2026-04-28 19:04:39,4,4,0,0,19.897,51.897
2026-04-28 19:09:39,2,4,0,0,19.804,52.085
2026-04-28 19:14:39,3,3,0,0,19.689,52.082
2026-04-28 19:19:39,2,2,0,0,19.649,52.32
2026-04-28 19:24:39,13,17,0,0,19.566,51.189
2026-04-28 19:29:39,2,2,0,0,19.395,52.701
2026-04-28 19:34:39,2,2,0,0,19.184,53.833
2026-04-28 19:39:39,34,42,0,0,18.984,54.523
2026-04-28 19:44:39,32,39,0,0,18.714,55.69
2026-04-28 19:49:39,38,47,0,0,18.412,56.522
2026-04-28 19:54:39,6,7,0,0,18.354,56.638
2026-04-28 19:59:39,6,6,0,0,18.297,57.584
2026-04-28 20:04:39,7,7,0,0,18.343,57.72
2026-04-28 20:09:39,4,4,0,0,18.335,57.72
2026-04-28 20:14:39,6,7,0,0,18.188,57.6
2026-04-28 20:19:39,5,5,0,0,17.958,58.733
2026-04-28 20:24:39,5,5,0,0,17.614,59.726
2026-04-28 20:29:39,3,4,0,0,17.323,60.875
2026-04-28 20:34:39,5,5,0,0,17.08,61.651
2026-04-28 20:39:39,3,3,0,0,16.762,62.482
2026-04-28 20:44:39,4,4,0,0,16.5,62.717
2026-04-28 20:49:39,5,6,0,0,16.407,62.931
2026-04-28 20:54:39,5,5,0,0,16.308,63.585
2026-04-28 20:59:40,4,5,0,0,16.177,64.232
2026-04-28 21:04:39,3,3,0,0,16.004,64.191
2026-04-28 21:09:39,4,7,0,0,15.881,64.85
2026-04-28 21:14:39,4,6,0,0,15.729,65.393
2026-04-28 21:19:39,7,7,0,0,15.576,66.292
2026-04-28 21:24:40,7,8,0,0,15.403,67.692
2026-04-28 21:29:40,8,8,0,0,15.245,68.023
2026-04-28 21:34:40,5,6,0,0,15.144,68.374
2026-04-28 21:39:39,6,7,0,0,15.024,69.296
2026-04-28 21:44:40,8,8,0,0,14.887,69.513
2026-04-28 21:49:39,6,7,0,0,14.789,70.265
2026-04-28 21:54:40,5,6,0,0,14.717,70.352
2026-04-28 21:59:40,9,9,0,0,14.658,70.513
2026-04-28 22:04:40,6,6,0,0,14.698,70.469
2026-04-28 22:09:40,6,7,0,0,14.706,70.673
2026-04-28 22:14:39,6,6,0,0,14.677,70.734
2026-04-28 22:19:40,3,3,0,0,14.636,72.485
2026-04-28 22:24:40,5,5,0,0,14.797,70.635
2026-04-28 22:29:40,5,5,0,0,14.917,70.354
2026-04-28 22:34:40,6,7,0,0,15.053,71.281
2026-04-28 22:39:40,4,4,0,0,15.152,70.247
2026-04-28 22:44:40,4,4,0,0,15.192,67.749
2026-04-28 22:49:39,5,5,0,0,15.219,70.549
2026-04-28 22:54:40,6,6,0,0,15.269,70.471
2026-04-28 22:59:40,6,7,0,0,15.272,71.058
2026-04-28 23:04:40,7,7,0,0,15.251,70.968
2026-04-28 23:09:40,5,6,0,0,15.2,70.648
2026-04-28 23:14:40,6,6,0,0,15.029,70.604
2026-04-28 23:19:39,8,8,0,0,14.885,71.287
2026-04-28 23:24:39,9,11,0,0,14.757,71.436
2026-04-28 23:29:40,8,8,0,0,14.66,71.604
2026-04-28 23:34:40,6,8,0,0,14.599,72.731
2026-04-28 23:39:40,7,7,0,0,14.49,72.445
2026-04-28 23:44:40,8,13,0,0,14.369,72.853
2026-04-28 23:49:40,14,19,0,0,14.236,73.709
2026-04-28 23:54:40,14,18,0,0,14.084,73.526
2026-04-28 23:59:40,15,20,0,0,14.014,73.419
2026-04-29 00:04:40,14,17,0,0,13.926,74.88
2026-04-29 00:09:40,13,19,0,0,13.827,75.146
2026-04-29 00:14:40,19,20,0,0,13.726,75.573
2026-04-29 00:19:40,14,17,0,0,13.662,75.609
2026-04-29 00:24:40,8,8,0,0,13.587,76.708
2026-04-29 00:29:40,8,8,0,0,13.582,76.767
2026-04-29 00:34:40,8,9,0,0,13.536,74.968
2026-04-29 00:39:40,5,6,0,0,13.459,76.391
2026-04-29 00:44:40,6,6,0,0,13.381,76.776
2026-04-29 00:49:40,8,11,0,0,13.333,76.921
2026-04-29 00:54:40,6,8,0,0,13.256,77.469
2026-04-29 00:59:40,7,8,0,0,13.24,77.148
2026-04-29 01:04:40,7,8,0,0,13.194,76.879
2026-04-29 01:09:40,8,8,0,0,13.122,77.652
2026-04-29 01:14:40,7,7,0,0,13.056,77.713
2026-04-29 01:19:40,7,8,0,0,13,79.014
2026-04-29 01:24:40,6,8,0,0,13.056,78.829
2026-04-29 01:29:40,5,7,0,0,13.09,77.698
2026-04-29 01:34:40,6,6,0,0,13.088,77.019
2026-04-29 01:39:40,7,9,0,0,13.061,78.655
2026-04-29 01:44:40,4,6,0,0,13.016,78.096
2026-04-29 01:49:40,7,8,0,0,12.986,77.684
2026-04-29 01:54:40,7,7,0,0,12.954,78.386
2026-04-29 01:59:39,6,9,0,0,12.925,79.002
2026-04-29 02:04:39,7,7,0,0,12.898,78.293
2026-04-29 02:09:40,7,8,0,0,12.842,79.08
2026-04-29 02:14:40,7,8,0,0,12.855,78.977
2026-04-29 02:19:40,8,9,0,0,12.855,76.502
2026-04-29 02:24:40,7,7,0,0,12.773,76.904
2026-04-29 02:29:40,9,12,0,0,12.722,77.087
2026-04-29 02:34:40,8,8,0,0,12.671,76.656
2026-04-29 02:39:40,13,15,0,0,12.684,76.937
2026-04-29 02:44:40,12,13,0,0,12.578,79.925
2026-04-29 02:49:40,12,13,0,0,12.559,79.407
2026-04-29 02:54:40,8,11,0,0,12.556,77.202
2026-04-29 02:59:40,9,11,0,0,12.548,77.515
2026-04-29 03:04:40,14,14,0,0,12.471,77.791
2026-04-29 03:09:40,8,8,0,0,12.417,78.18
2026-04-29 03:14:40,16,17,0,0,12.351,79.264
2026-04-29 03:19:40,11,12,0,0,12.295,78.379
2026-04-29 03:24:40,13,18,0,0,12.244,77.583
2026-04-29 03:29:40,14,16,0,0,12.228,79.126
2026-04-29 03:34:40,12,13,0,0,12.113,79.746
2026-04-29 03:39:40,12,15,0,0,12.046,80.936
2026-04-29 03:44:40,11,11,0,0,12.017,79.954
2026-04-29 03:49:40,8,9,0,0,12.014,81.142
2026-04-29 03:54:40,9,12,0,0,11.982,80.494
2026-04-29 03:59:40,8,11,0,0,11.915,79.319
2026-04-29 04:04:40,11,13,0,0,11.873,80.378
2026-04-29 04:09:40,9,9,0,0,11.851,79.809
2026-04-29 04:14:40,9,11,0,0,11.822,79.872
2026-04-29 04:19:40,12,12,0,0,11.686,81.249
2026-04-29 04:24:40,8,9,0,0,11.608,81.882
2026-04-29 04:29:40,7,11,0,0,11.56,81.413
2026-04-29 04:34:40,9,9,0,0,11.52,80.57
2026-04-29 04:39:40,11,13,0,0,11.544,80.328
2026-04-29 04:44:41,9,9,0,0,11.504,79.786
2026-04-29 04:49:40,9,12,0,0,11.459,79.874
2026-04-29 04:54:40,9,11,0,0,11.435,79.22
2026-04-29 04:59:41,8,9,0,0,11.403,79.063
2026-04-29 05:04:41,13,15,0,0,11.32,79.668
2026-04-29 05:09:40,11,17,0,0,11.192,80.46
2026-04-29 05:14:41,11,12,0,0,11.109,80.498
2026-04-29 05:19:41,9,9,0,0,11.056,80.295
2026-04-29 05:24:41,9,14,0,0,10.965,80.101
2026-04-29 05:29:40,8,8,0,0,10.882,80.683
2026-04-29 05:34:40,7,8,0,0,10.778,80.427
2026-04-29 05:39:41,14,16,0,0,10.711,81.333
2026-04-29 05:44:40,7,8,0,0,10.671,82.331
2026-04-29 05:49:41,8,13,0,0,10.612,81.129
2026-04-29 05:54:41,8,8,0,0,10.588,81.72
2026-04-29 05:59:41,6,7,0,0,10.57,81.814
2026-04-29 06:04:40,8,9,0,0,10.578,81.583
2026-04-29 06:09:40,9,12,0,0,10.607,82.115
2026-04-29 06:14:41,9,9,0,0,10.639,81.989
2026-04-29 06:19:41,9,12,0,0,10.671,81.621
2026-04-29 06:24:41,12,12,0,0,10.692,81.751
2026-04-29 06:29:41,12,16,0,0,10.698,82.401
2026-04-29 06:34:41,19,22,0,0,10.69,82.539
2026-04-29 06:39:41,19,24,0,0,10.708,82.529
2026-04-29 06:44:41,19,20,0,0,10.735,82.241
2026-04-29 06:49:41,17,18,0,0,10.703,82.016
2026-04-29 06:54:41,14,19,0,0,10.604,82.64
2026-04-29 06:59:40,12,14,0,0,10.586,82.613
2026-04-29 07:04:41,17,18,0,0,10.588,82.088
2026-04-29 07:09:41,17,18,0,0,10.57,82.275
2026-04-29 07:14:41,9,13,0,0,10.572,82.621
2026-04-29 07:19:41,8,9,0,0,10.612,82.319
2026-04-29 07:24:41,8,9,0,0,10.692,81.743
2026-04-29 07:29:40,51,66,0,0,10.743,80.896
2026-04-29 07:34:41,8,8,0,0,10.772,80.742
2026-04-29 07:39:41,6,7,0,0,10.762,82.107
2026-04-29 07:44:41,9,13,0,0,10.767,81.346
2026-04-29 07:49:41,12,17,0,0,10.754,80.498
2026-04-29 07:54:41,18,20,0,0,10.783,80.862
2026-04-29 07:59:41,16,20,0,0,10.791,80.774
2026-04-29 08:04:41,23,26,0,0,10.815,81.215
2026-04-29 08:09:40,36,44,0,0,10.842,81.64
2026-04-29 08:14:41,28,29,0,0,10.911,81.682
2026-04-29 08:19:41,25,27,0,0,10.949,80.948
2026-04-29 08:24:41,16,17,0,0,10.975,80.706
2026-04-29 08:29:40,19,23,0,0,10.957,80.95
2026-04-29 08:34:40,26,27,0,0,11.064,80.639
2026-04-29 08:39:40,21,27,0,0,11.221,80.805
2026-04-29 08:44:40,32,35,0,0,11.544,80.574
2026-04-29 08:49:40,29,35,0,0,11.937,78.972
2026-04-29 08:54:40,34,38,0,0,12.351,75.048
2026-04-29 08:59:40,35,38,0,0,12.863,74.175
2026-04-29 09:04:40,31,32,0,0,13.379,72.651
2026-04-29 09:09:40,30,31,0,0,13.931,71.636
2026-04-29 09:14:40,27,27,0,0,14.484,70.329
2026-04-29 09:19:41,22,24,0,0,15.122,68.876
2026-04-29 09:24:41,22,25,0,0,15.699,66.499
2026-04-29 09:29:41,20,23,0,0,16.308,63.337
2026-04-29 09:34:41,25,26,0,0,16.968,60.714
2026-04-29 09:39:40,22,23,0,0,17.584,58.969
2026-04-29 09:44:41,20,20,0,0,18.217,56.631
2026-04-29 09:49:41,19,22,0,0,18.789,56.108
2026-04-29 09:54:41,19,20,0,0,19.334,54.277
2026-04-29 09:59:41,18,19,0,0,19.844,52.089
2026-04-29 10:04:41,12,13,0,0,20.359,50.844
2026-04-29 10:09:41,11,14,0,0,20.869,50.023
2026-04-29 10:14:41,14,16,0,0,21.406,47.836
2026-04-29 10:19:41,10,12,0,0,21.932,47.74
2026-04-29 10:24:41,11,11,0,0,22.436,45.305
2026-04-29 10:29:41,12,13,0,0,22.877,42.177
2026-04-29 10:34:41,14,18,0,0,23.286,42.999
2026-04-29 10:39:41,13,13,0,0,23.804,41.431
2026-04-29 10:44:41,7,8,0,0,24.34,38.339
2026-04-29 10:49:41,8,8,0,0,24.941,38.038
2026-04-29 10:54:41,11,14,0,0,25.486,39.85
2026-04-29 10:59:41,8,9,0,0,26.057,37.662
2026-04-29 11:04:41,13,14,0,0,26.535,37.078
2026-04-29 11:09:41,12,12,0,0,27.029,35.396
2026-04-29 11:14:41,5,6,0,0,27.427,37.132
2026-04-29 11:19:41,8,10,0,0,27.865,34.234
2026-04-29 11:24:41,10,11,0,0,28.175,34.919
2026-04-29 11:29:41,8,12,0,0,28.525,34.616
2026-04-29 11:34:41,8,10,0,0,28.803,33.887
2026-04-29 11:39:41,9,9,0,0,29.086,33.103
2026-04-29 11:44:41,9,9,0,0,29.382,31.549
2026-04-29 11:49:41,10,12,0,0,29.697,32.987
2026-04-29 11:54:41,11,14,0,0,30.052,31.675
2026-04-29 11:59:41,11,11,0,0,30.37,30.387
2026-04-29 12:04:41,10,10,0,0,30.512,29.573
2026-04-29 12:09:41,7,7,0,0,30.909,29.763
2026-04-29 12:14:41,12,14,0,0,31.371,29.658
2026-04-29 12:19:41,7,10,0,0,31.678,28.726
2026-04-29 12:24:41,11,11,0,0,31.943,27.885
2026-04-29 12:29:41,8,10,0,0,32.234,28.228
2026-04-29 12:34:41,8,10,0,0,32.461,27.19
2026-04-29 12:39:41,12,14,0,0,32.725,22.859
2026-04-29 12:44:41,13,14,0,0,32.904,23.929
2026-04-29 12:49:41,12,15,0,0,33.278,23.603
2026-04-29 12:54:41,11,12,0,0,33.612,23.839
2026-04-29 12:59:41,16,17,0,0,33.882,23.555
2026-04-29 13:04:41,8,9,0,0,34.039,23.881
2026-04-29 13:09:41,8,11,0,0,34.207,25.023
2026-04-29 13:14:41,8,10,0,0,34.442,23.633
2026-04-29 13:19:41,8,10,0,0,34.525,22.47
2026-04-29 13:24:42,8,11,0,0,34.528,22.651
2026-04-29 13:29:41,8,10,0,0,34.573,23.322
2026-04-29 13:34:41,9,12,0,0,34.613,23.646
2026-04-29 13:39:42,8,8,0,0,34.712,23.858
2026-04-29 13:44:41,11,14,0,0,34.586,23.353
2026-04-29 13:49:41,8,12,0,0,34.373,22.719
2026-04-29 13:54:41,12,15,0,0,34.055,24.461
2026-04-29 13:59:41,6,8,0,0,33.655,22.687
2026-04-29 14:04:41,9,14,0,0,33.206,24.243
2026-04-29 14:09:41,7,11,0,0,32.821,24.27
2026-04-29 14:14:41,8,8,0,0,32.453,24.27
2026-04-29 14:19:41,7,7,0,0,32.389,24.756
2026-04-29 14:24:42,5,6,0,0,32.538,25.458
2026-04-29 14:29:43,5,5,0,0,32.867,24.007
2026-04-29 14:34:42,5,5,0,0,33.379,23.829
2026-04-29 14:39:41,4,4,0,0,33.996,23.734
2026-04-29 14:44:41,4,4,0,0,34.533,21.584
2026-04-29 14:49:41,5,5,0,0,34.707,22.807
2026-04-29 14:54:42,5,5,0,0,34.998,24.146
2026-04-29 14:59:42,3,3,0,0,35.532,23.536
2026-04-29 15:04:41,2,2,0,0,36.052,22.298
2026-04-29 15:09:41,3,4,0,0,36.536,21.468
2026-04-29 15:14:42,4,4,0,0,37.041,21.117
2026-04-29 15:19:41,7,10,0,0,37.337,21.672
2026-04-29 15:24:41,5,5,0,0,37.494,21.461
2026-04-29 15:29:41,3,3,0,0,37.438,21.586
2026-04-29 15:34:42,8,9,0,0,37.545,21.937
2026-04-29 15:39:41,4,5,0,0,37.593,19.799
2026-04-29 15:44:41,7,7,0,0,37.559,20.997
2026-04-29 15:49:41,5,6,0,0,37.572,19.62
2026-04-29 15:54:42,4,6,0,0,37.438,20.379
2026-04-29 15:59:41,7,7,0,0,37.284,20.995
2026-04-29 16:04:42,4,4,0,0,37.139,20.635
2026-04-29 16:09:42,4,4,0,0,37.07,21.253
2026-04-29 16:14:41,6,6,0,0,36.95,22.26
2026-04-29 16:19:41,3,3,0,0,36.739,22.836
2026-04-29 16:24:41,5,5,0,0,36.474,23.778
2026-04-29 16:29:42,4,5,0,0,36.357,22.964
2026-04-29 16:34:42,3,3,0,0,35.954,24.756
2026-04-29 16:39:42,5,5,0,0,35.681,24.734
2026-04-29 16:44:42,4,4,0,0,35.454,25.409
2026-04-29 16:49:42,5,5,0,0,35.102,24.833
2026-04-29 16:54:42,3,5,0,0,34.586,26.29
2026-04-29 16:59:42,12,13,0,0,33.89,28.319
2026-04-29 17:04:42,14,19,0,0,33.294,29.361
2026-04-29 17:09:42,7,7,0,0,32.632,31.121
2026-04-29 17:14:42,8,10,0,0,31.625,30.616
2026-04-29 17:19:42,7,7,0,0,30.458,31.671
2026-04-29 17:24:42,8,8,0,0,29.43,33.166
2026-04-29 17:29:42,11,11,0,0,28.519,35.745
2026-04-29 17:34:42,6,7,0,0,27.676,36.706
2026-04-29 17:39:42,8,8,0,0,26.883,38.795
2026-04-29 17:44:42,6,6,0,0,26.17,39.409
2026-04-29 17:49:42,6,6,0,0,25.478,40.54
2026-04-29 17:54:42,7,8,0,0,24.8,41.631
2026-04-29 17:59:42,6,6,0,0,24.178,42.663
2026-04-29 18:04:42,7,7,0,0,23.555,43.99
2026-04-29 18:09:42,18,22,0,0,23.029,45.74
2026-04-29 18:14:42,13,16,0,0,22.573,46.987
2026-04-29 18:19:42,16,18,0,0,22.14,47.851
2026-04-29 18:24:42,9,9,0,0,21.758,49.352
2026-04-29 18:29:42,7,7,0,0,21.35,48.917
2026-04-29 18:34:42,11,12,0,0,21.032,50.641
2026-04-29 18:39:42,16,18,0,0,20.725,50.905
2026-04-29 18:44:42,14,16,0,0,20.463,51.736
2026-04-29 18:49:42,14,17,0,0,20.177,52.103
2026-04-29 18:54:42,10,15,0,0,20.041,51.713
2026-04-29 18:59:42,12,16,0,0,20.001,51.954
2026-04-29 19:04:42,19,22,0,0,19.961,53.058
2026-04-29 19:09:42,16,19,0,0,19.828,53.688
2026-04-29 19:14:42,16,18,0,0,19.665,54.231
2026-04-29 19:19:42,13,14,0,0,19.491,54.431
2026-04-29 19:24:42,8,11,0,0,19.387,54.348
2026-04-29 19:29:42,11,13,0,0,19.32,54.901
2026-04-29 19:34:42,17,19,0,0,19.192,54.861
2026-04-29 19:39:42,19,20,0,0,19.04,55.227
2026-04-29 19:44:42,17,19,0,0,18.946,56.24
2026-04-29 19:49:42,14,17,0,0,18.789,57.193
2026-04-29 19:54:42,11,11,0,0,18.647,57.201
2026-04-29 19:59:42,9,9,0,0,18.54,57.655
2026-04-29 20:04:42,9,11,0,0,18.484,58.464
2026-04-29 20:09:42,10,11,0,0,18.466,58.805
2026-04-29 20:14:42,16,18,0,0,18.463,59.579
2026-04-29 20:19:42,8,8,0,0,18.46,59.181
2026-04-29 20:24:42,19,24,0,0,18.514,58.464
2026-04-29 20:29:42,12,12,0,0,18.565,57.613
2026-04-29 20:34:42,11,14,0,0,18.583,56.673
2026-04-29 20:39:42,8,8,0,0,18.581,57.808
2026-04-29 20:44:42,7,7,0,0,18.514,57.828
2026-04-29 20:49:42,8,8,0,0,18.439,58.433
2026-04-29 20:54:42,5,6,0,0,18.313,58.147
2026-04-29 20:59:42,7,7,0,0,18.161,58.403
2026-04-29 21:04:42,6,6,0,0,18.036,59.106
2026-04-29 21:09:42,6,7,0,0,17.868,58.471
2026-04-29 21:14:42,5,6,0,0,17.782,59.143
2026-04-29 21:19:42,7,9,0,0,17.662,59.852
2026-04-29 21:24:42,6,6,0,0,17.542,60.804
2026-04-29 21:29:43,8,10,0,0,17.363,60.991
2026-04-29 21:34:42,5,6,0,0,17.179,61.227
2026-04-29 21:39:42,18,22,0,0,17.008,62.109
2026-04-29 21:44:42,11,11,0,0,16.823,63.018
2026-04-29 21:49:42,7,7,0,0,16.639,63.982
2026-04-29 21:54:42,6,7,0,0,16.46,64.285
2026-04-29 21:59:43,8,11,0,0,16.361,65.273
2026-04-29 22:04:42,9,9,0,0,16.276,66.095
2026-04-29 22:09:43,7,8,0,0,16.108,65.603
2026-04-29 22:14:42,7,7,0,0,15.998,66.16
2026-04-29 22:19:42,8,8,0,0,15.905,66.953
2026-04-29 22:24:42,6,6,0,0,15.801,67.177
2026-04-29 22:29:42,7,8,0,0,15.689,67.76
2026-04-29 22:34:42,7,8,0,0,15.611,68.199
2026-04-29 22:39:42,6,6,0,0,15.587,68.47
2026-04-29 22:44:42,8,9,0,0,15.6,68.09
2026-04-29 22:49:42,8,8,0,0,15.635,68.422
2026-04-29 22:54:42,7,10,0,0,15.614,68.109
2026-04-29 22:59:42,10,13,0,0,15.59,68.372
2026-04-29 23:04:43,16,17,0,0,15.566,68.943
2026-04-29 23:09:42,18,19,0,0,15.456,69.053
2026-04-29 23:14:42,17,18,0,0,15.432,68.954
2026-04-29 23:19:42,14,17,0,0,15.4,68.821
2026-04-29 23:24:42,16,18,0,0,15.307,68.914
2026-04-29 23:29:42,19,20,0,0,15.154,69.946
2026-04-29 23:34:42,19,20,0,0,15.008,70.297
2026-04-29 23:39:42,23,24,0,0,14.925,70.591
2026-04-29 23:44:42,20,23,0,0,14.813,71.087
2026-04-29 23:49:42,22,23,0,0,14.746,71.26
2026-04-29 23:54:42,22,24,0,0,14.642,71.504
2026-04-29 23:59:42,23,26,0,0,14.575,71.523
2026-04-30 00:04:42,25,25,0,0,14.487,72.061
2026-04-30 00:09:42,25,25,0,0,14.401,72.618
2026-04-30 00:14:42,25,27,0,0,14.308,72.82
2026-04-30 00:19:42,30,33,0,0,14.193,71.81
2026-04-30 00:24:42,26,28,0,0,14.065,69.996
2026-04-30 00:29:42,29,30,0,0,13.993,71.596
2026-04-30 00:34:43,25,30,0,0,13.902,71.93
2026-04-30 00:39:43,26,28,0,0,13.811,72.611
2026-04-30 00:44:42,28,30,0,0,13.71,73.303
2026-04-30 00:49:42,31,32,0,0,13.574,74.194
2026-04-30 00:54:42,28,32,0,0,13.432,75.565
2026-04-30 00:59:43,26,31,0,0,13.304,76.053
2026-04-30 01:04:43,26,29,0,0,13.181,76.052
2026-04-30 01:09:43,25,26,0,0,13.096,76.237
2026-04-30 01:14:42,24,26,0,0,13.018,77.433
2026-04-30 01:19:42,22,23,0,0,12.962,76.757
2026-04-30 01:24:42,21,23,0,0,12.935,75.794
2026-04-30 01:29:43,26,27,0,0,12.914,74.077
2026-04-30 01:34:43,24,25,0,0,12.85,74.699
2026-04-30 01:39:43,26,26,0,0,12.783,75.954
2026-04-30 01:44:43,24,25,0,0,12.647,77.53
2026-04-30 01:49:43,27,28,0,0,12.535,78.234
2026-04-30 01:54:43,24,25,0,0,12.465,78.81
2026-04-30 01:59:43,27,28,0,0,12.465,77.639
2026-04-30 02:04:43,27,29,0,0,12.49,76.233
2026-04-30 02:09:43,25,26,0,0,12.439,77.457
2026-04-30 02:14:43,23,26,0,0,12.412,77.467
2026-04-30 02:19:43,25,26,0,0,12.369,77.436
2026-04-30 02:24:43,26,28,0,0,12.353,74.978
2026-04-30 02:29:43,25,26,0,0,12.345,75.506
2026-04-30 02:34:43,25,27,0,0,12.241,77.091
2026-04-30 02:39:43,29,29,0,0,12.14,77.938
2026-04-30 02:44:43,24,24,0,0,12.134,78.071
2026-04-30 02:49:43,24,28,0,0,12.121,78.64
2026-04-30 02:54:43,23,24,0,0,12.108,75.132
2026-04-30 02:59:43,21,29,0,0,12.014,74.741
2026-04-30 03:04:43,24,26,0,0,11.91,75.407
2026-04-30 03:09:43,25,25,0,0,11.862,76.071
2026-04-30 03:14:43,26,26,0,0,11.822,76.7
2026-04-30 03:19:43,24,25,0,0,11.777,76.845
2026-04-30 03:24:43,24,25,0,0,11.699,77.124
2026-04-30 03:29:43,23,26,0,0,11.611,78.335
2026-04-30 03:34:43,26,31,0,0,11.493,78.743
2026-04-30 03:39:43,26,30,0,0,11.448,78.569
2026-04-30 03:44:43,30,32,0,0,11.371,78.651
2026-04-30 03:49:43,28,32,0,0,11.32,78.323
2026-04-30 03:54:43,28,33,0,0,11.248,78.361
2026-04-30 03:59:43,25,29,0,0,11.248,78.272
2026-04-30 04:04:43,26,30,0,0,11.218,78.747
2026-04-30 04:09:43,27,28,0,0,11.162,78.771
2026-04-30 04:14:43,26,28,0,0,11.138,79.529
2026-04-30 04:19:43,27,30,0,0,11.125,79.506
2026-04-30 04:24:43,28,32,0,0,11.141,78.764
2026-04-30 04:29:43,29,29,0,0,11.154,77.978
2026-04-30 04:34:43,28,29,0,0,11.178,77.967
2026-04-30 04:39:43,30,31,0,0,11.128,78.236
2026-04-30 04:44:43,23,25,0,0,11.088,78.117
2026-04-30 04:49:43,21,24,0,0,11.013,78.262
2026-04-30 04:54:43,34,37,0,0,10.957,76.898
2026-04-30 04:59:43,25,25,0,0,10.869,77.452
2026-04-30 05:04:43,25,27,0,0,10.829,77.869
2026-04-30 05:09:43,24,25,0,0,10.783,78.106
2026-04-30 05:14:43,23,24,0,0,10.732,78.434
2026-04-30 05:19:43,23,26,0,0,10.671,78.863
2026-04-30 05:24:43,25,27,0,0,10.602,79.327
2026-04-30 05:29:43,25,27,0,0,10.556,79.451
2026-04-30 05:34:43,20,26,0,0,10.489,80.053
2026-04-30 05:39:43,24,26,0,0,10.433,79.66
2026-04-30 05:44:43,23,26,0,0,10.404,79.914
2026-04-30 05:49:43,20,22,0,0,10.329,80.357
2026-04-30 05:54:43,22,26,0,0,10.305,80.307
2026-04-30 05:59:43,24,25,0,0,10.273,79.246
2026-04-30 06:04:43,24,25,0,0,10.249,79.159
2026-04-30 06:09:43,22,26,0,0,10.196,79.914
2026-04-30 06:14:43,21,22,0,0,10.137,80.694
2026-04-30 06:19:43,27,31,0,0,10.07,80.824
2026-04-30 06:24:43,25,26,0,0,10.014,81.152
2026-04-30 06:29:43,24,26,0,0,9.963,81.963
2026-04-30 06:34:43,22,25,0,0,9.923,82.302
2026-04-30 06:39:43,28,31,0,0,9.918,81.556
2026-04-30 06:44:43,26,27,0,0,9.926,79.889
2026-04-30 06:49:43,25,25,0,0,9.875,80.81
2026-04-30 06:54:43,24,26,0,0,9.878,80.263
2026-04-30 06:59:44,25,28,0,0,9.849,80.791
2026-04-30 07:04:43,26,26,0,0,9.795,81.461
2026-04-30 07:09:43,30,31,0,0,9.699,82.935
2026-04-30 07:14:43,33,33,0,0,9.672,83.427
2026-04-30 07:19:43,35,40,0,0,9.742,82.903
2026-04-30 07:24:43,37,46,0,0,9.763,83.084
2026-04-30 07:29:43,35,39,0,0,9.792,82.251
2026-04-30 07:34:44,31,32,0,0,9.795,81.833
2026-04-30 07:39:43,36,46,0,0,9.817,81.533
2026-04-30 07:44:43,37,43,0,0,9.865,82.01
2026-04-30 07:49:43,37,43,0,0,9.851,81.282
2026-04-30 07:54:43,36,41,0,0,9.867,82.207
2026-04-30 07:59:44,33,36,0,0,9.865,83.202
2026-04-30 08:04:43,33,37,0,0,9.985,82.798
2026-04-30 08:09:43,35,39,0,0,10.078,81.53
2026-04-30 08:14:43,35,42,0,0,10.166,82.375
2026-04-30 08:19:43,33,36,0,0,10.241,82.033
2026-04-30 08:24:44,321,331,0,0,10.316,80.852
2026-04-30 08:29:43,40,49,0,0,10.431,81.367
2026-04-30 08:34:43,35,41,0,0,10.546,81.013
2026-04-30 08:39:43,36,42,0,0,10.762,80.923
2026-04-30 08:44:43,41,51,0,0,11.05,80.154
2026-04-30 08:49:44,38,48,0,0,11.445,79.176
2026-04-30 08:54:43,38,48,0,0,11.899,77.175
2026-04-30 08:59:43,43,53,0,0,12.345,76.45
2026-04-30 09:04:43,40,50,0,0,12.855,75.136
2026-04-30 09:09:43,36,42,0,0,13.357,73.261
2026-04-30 09:14:44,35,39,0,0,13.929,70.86
2026-04-30 09:19:44,39,46,0,0,14.498,69.65
2026-04-30 09:24:44,38,46,0,0,15.104,68.935
2026-04-30 09:29:44,39,47,0,0,15.739,67.693
2026-04-30 09:34:43,38,44,0,0,16.361,66.444
2026-04-30 09:39:43,35,44,0,0,16.941,64.588
2026-04-30 09:44:44,32,39,0,0,17.568,59.669
2026-04-30 09:49:44,32,35,0,0,18.132,55.295
2026-04-30 09:54:44,34,39,0,0,18.711,54.853
2026-04-30 09:59:44,35,41,0,0,19.28,53.844
2026-04-30 10:04:43,32,36,0,0,19.908,53.819
2026-04-30 10:09:44,30,33,0,0,20.391,49.314
2026-04-30 10:14:43,27,29,0,0,20.901,49.484
2026-04-30 10:19:44,29,31,0,0,21.4,48.597
2026-04-30 10:24:44,28,28,0,0,21.846,49.261
2026-04-30 10:29:44,26,30,0,0,22.21,48.599
2026-04-30 10:34:43,28,32,0,0,22.442,48.654
2026-04-30 10:39:44,27,29,0,0,22.61,48.578
2026-04-30 10:44:43,28,30,0,0,22.821,48.351
2026-04-30 10:49:43,32,35,0,0,22.949,48.139
2026-04-30 10:54:44,29,30,0,0,23.232,48.313
2026-04-30 10:59:44,31,33,0,0,23.499,47.269
2026-04-30 11:04:44,25,27,0,0,23.804,46.422
2026-04-30 11:09:44,26,26,0,0,24.065,46.361
2026-04-30 11:14:44,21,22,0,0,24.402,46.264
2026-04-30 11:19:44,24,25,0,0,24.73,43.865
2026-04-30 11:24:44,26,26,0,0,25.021,43.842
2026-04-30 11:29:44,23,25,0,0,25.363,43.355
2026-04-30 11:34:44,23,23,0,0,25.555,43.66
2026-04-30 11:39:44,23,24,0,0,25.804,42.478
2026-04-30 11:44:44,23,24,0,0,26.164,40.864
2026-04-30 11:49:44,22,23,0,0,26.592,40.464
2026-04-30 11:54:44,24,25,0,0,26.81,41.992
2026-04-30 11:59:44,24,26,0,0,26.971,40.416
2026-04-30 12:04:44,25,28,0,0,27.147,39.602
2026-04-30 12:09:44,25,25,0,0,27.339,39.521
2026-04-30 12:14:44,25,26,0,0,27.641,38.947
2026-04-30 12:19:44,21,22,0,0,28.13,38.324
2026-04-30 12:24:44,22,22,0,0,28.455,37.288
2026-04-30 12:29:44,23,25,0,0,28.616,37.795
2026-04-30 12:34:44,23,26,0,0,28.626,37.702
2026-04-30 12:39:44,22,22,0,0,28.738,36.704
2026-04-30 12:44:44,21,22,0,0,28.872,36.739
2026-04-30 12:49:44,22,23,0,0,29.062,36.866
2026-04-30 12:54:44,20,22,0,0,29.246,36.453
2026-04-30 12:59:44,22,24,0,0,29.393,35.629
2026-04-30 13:04:44,19,20,0,0,29.491,35.949
2026-04-30 13:09:44,22,24,0,0,29.668,35.892
2026-04-30 13:14:44,21,23,0,0,29.815,35.506
2026-04-30 13:19:44,16,18,0,0,29.913,35.526
2026-04-30 13:24:45,20,23,0,0,29.969,35.6
2026-04-30 13:29:44,20,20,0,0,30.047,34.969
2026-04-30 13:34:44,20,23,0,0,30.218,35.184
2026-04-30 13:39:44,20,22,0,0,30.274,34.702
2026-04-30 13:44:44,19,22,0,0,30.116,34.154
2026-04-30 13:49:44,19,19,0,0,29.767,35.876
2026-04-30 13:54:44,22,24,0,0,29.63,36.222
2026-04-30 13:59:44,24,25,0,0,29.467,37.16
2026-04-30 14:04:44,26,29,0,0,29.208,37.362
2026-04-30 14:09:44,27,30,0,0,28.915,38.114
2026-04-30 14:14:44,24,26,0,0,28.851,37.122
2026-04-30 14:19:44,23,26,0,0,28.904,36.773
2026-04-30 14:24:44,23,23,0,0,29.064,37.111
2026-04-30 14:29:44,22,23,0,0,29.208,36.76
2026-04-30 14:34:44,22,23,0,0,29.43,36.554
2026-04-30 14:39:44,21,22,0,0,29.737,35.854
2026-04-30 14:44:44,22,23,0,0,30.156,34.473
2026-04-30 14:49:44,20,20,0,0,30.538,34.852
2026-04-30 14:54:44,18,19,0,0,30.974,33.704
2026-04-30 14:59:44,20,20,0,0,31.366,32.54
2026-04-30 15:04:45,16,18,0,0,31.716,31.795
2026-04-30 15:09:45,19,21,0,0,32.114,31.795
2026-04-30 15:14:44,16,18,0,0,32.194,31.354
2026-04-30 15:19:45,17,19,0,0,31.844,32.199
2026-04-30 15:24:45,18,21,0,0,31.724,32.405
2026-04-30 15:29:44,19,22,0,0,31.497,32.661
2026-04-30 15:34:45,24,25,0,0,30.992,34.085
2026-04-30 15:39:44,22,24,0,0,30.394,34.705
2026-04-30 15:44:45,24,26,0,0,30.018,35.384
2026-04-30 15:49:44,25,26,0,0,29.657,36.357
2026-04-30 15:54:44,23,26,0,0,29.19,36.517
2026-04-30 15:59:45,22,24,0,0,28.835,39.237
2026-04-30 16:04:45,22,24,0,0,28.268,38.087
2026-04-30 16:09:45,26,28,0,0,27.764,39.203
2026-04-30 16:14:45,24,24,0,0,27.542,39.611
2026-04-30 16:19:45,25,27,0,0,27.39,39.96
2026-04-30 16:24:45,21,22,0,0,27.334,40.714
2026-04-30 16:29:45,22,23,0,0,27.238,40.403
2026-04-30 16:34:47,22,23,0,0,27.059,42.043
2026-04-30 16:39:45,18,21,0,0,26.976,41.03
2026-04-30 16:44:45,21,22,0,0,26.965,41.074
2026-04-30 16:49:45,22,24,0,0,27.037,40.925
2026-04-30 16:54:45,21,21,0,0,26.624,41.522
2026-04-30 16:59:45,24,25,0,0,25.991,42.831
2026-04-30 17:04:45,22,23,0,0,25.662,43.798
2026-04-30 17:09:45,24,24,0,0,25.15,44.65
2026-04-30 17:14:45,23,24,0,0,24.405,46.102
2026-04-30 17:19:45,23,25,0,0,23.521,48.463
2026-04-30 17:24:45,22,25,0,0,22.562,50.203
2026-04-30 17:29:45,24,24,0,0,21.796,53.01
2026-04-30 17:34:45,22,22,0,0,21.171,54.37
2026-04-30 17:39:45,22,24,0,0,20.655,55.866
2026-04-30 17:44:45,24,27,0,0,20.172,56.085
2026-04-30 17:49:45,28,29,0,0,19.758,58.481
2026-04-30 17:54:45,26,27,0,0,19.43,59.627
2026-04-30 17:59:45,25,27,0,0,19.157,60.814
2026-04-30 18:04:45,26,26,0,0,18.925,61.472
2026-04-30 18:09:45,34,39,0,0,18.693,62.002
2026-04-30 18:14:45,29,34,0,0,18.434,62.988
2026-04-30 18:19:45,24,28,0,0,18.233,63.568
2026-04-30 18:24:45,25,26,0,0,18.052,64.363
2026-04-30 18:29:45,25,26,0,0,17.878,64.943
2026-04-30 18:34:45,29,31,0,0,17.715,65.393
2026-04-30 18:39:45,25,28,0,0,17.574,65.822
2026-04-30 18:44:45,35,45,0,0,17.395,66.564
2026-04-30 18:49:45,26,28,0,0,17.197,67.127
2026-04-30 18:54:45,26,26,0,0,17.045,67.569
2026-04-30 18:59:45,26,28,0,0,16.92,67.88
2026-04-30 19:04:45,28,31,0,0,16.789,68.073
2026-04-30 19:09:45,26,28,0,0,16.594,68.872
2026-04-30 19:14:45,28,29,0,0,16.369,69.284
2026-04-30 19:19:45,26,29,0,0,16.137,70.425
2026-04-30 19:24:45,26,27,0,0,15.932,71.272
2026-04-30 19:29:45,31,36,0,0,15.822,71.777
2026-04-30 19:34:45,29,30,0,0,15.734,71.338
2026-04-30 19:39:45,33,35,0,0,15.649,71.998
2026-04-30 19:44:45,33,39,0,0,15.571,72.618
2026-04-30 19:49:45,49,62,0,0,15.451,72.668
2026-04-30 19:54:45,39,47,0,0,15.373,72.286
2026-04-30 19:59:45,35,43,0,0,15.269,72.531
2026-04-30 20:04:46,35,40,0,0,15.141,73.112
2026-04-30 20:09:45,34,39,0,0,14.978,73.511
2026-04-30 20:14:45,33,36,0,0,14.853,74.039
2026-04-30 20:19:45,32,37,0,0,14.679,74.232
2026-04-30 20:24:45,35,41,0,0,14.511,75.199
2026-04-30 20:29:45,34,38,0,0,14.367,75.332
2026-04-30 20:34:45,38,46,0,0,14.252,75.762
2026-04-30 20:39:45,40,49,0,0,14.153,77.112
2026-04-30 20:44:45,44,54,0,0,14.086,77.24
2026-04-30 20:49:45,42,51,0,0,14.03,77.984
2026-04-30 20:54:45,41,49,0,0,14.014,77.974
2026-04-30 20:59:45,39,49,0,0,13.969,78.705
2026-04-30 21:04:45,40,49,0,0,13.95,78.905
2026-04-30 21:09:45,44,54,0,0,13.942,79.044
2026-04-30 21:14:45,39,48,0,0,13.977,78.493
2026-04-30 21:19:45,38,46,0,0,13.939,78.356
2026-04-30 21:24:45,40,50,0,0,13.958,78.564
2026-04-30 21:29:45,42,53,0,0,13.982,79.439
2026-04-30 21:34:45,42,51,0,0,13.99,79.285
2026-04-30 21:39:45,40,49,0,0,14.014,79.439
2026-04-30 21:44:45,46,59,0,0,14.078,79.109
2026-04-30 21:49:46,47,57,0,0,14.129,78.989
2026-04-30 21:54:45,54,68,0,0,14.164,79.067
2026-04-30 21:59:45,45,56,0,0,14.182,79.382
2026-04-30 22:04:45,42,53,0,0,14.207,79.025
2026-04-30 22:09:45,45,57,0,0,14.239,79.164
2026-04-30 22:14:45,44,55,0,0,14.3,78.802
2026-04-30 22:19:45,40,51,0,0,14.319,78.619
2026-04-30 22:24:45,42,52,0,0,14.332,78.543
2026-04-30 22:29:45,36,47,0,0,14.383,78.26
2026-04-30 22:34:45,38,47,0,0,14.383,78.197
2026-04-30 22:39:45,38,48,0,0,14.332,78.417
2026-04-30 22:44:45,36,41,0,0,14.271,78.459
2026-04-30 22:49:45,35,41,0,0,14.156,78.8
2026-04-30 22:54:45,40,51,0,0,14.1,79.243
2026-04-30 22:59:46,33,38,0,0,14.052,76.883
2026-04-30 23:04:46,35,46,0,0,14.006,79.037
2026-04-30 23:09:46,36,43,0,0,13.977,79.355
2026-04-30 23:14:46,36,44,0,0,13.974,79.195
2026-04-30 23:19:46,35,43,0,0,13.998,79.294
2026-04-30 23:24:46,38,48,0,0,13.977,79.622
2026-04-30 23:29:46,37,46,0,0,13.958,79.533
2026-04-30 23:34:46,36,44,0,0,13.913,79.657
2026-04-30 23:39:45,35,46,0,0,13.953,79.609
2026-04-30 23:44:46,36,46,0,0,13.923,79.628
2026-04-30 23:49:46,43,53,0,0,13.934,79.784
2026-04-30 23:54:46,33,42,0,0,13.91,79.533
2026-04-30 23:59:46,33,42,0,0,13.875,79.538
